Engine Size,Mileage,Price,Model,age,Brand_Audi,Brand_BMW,Brand_Ford,Brand_Honda,Brand_Mercedes,Brand_Tesla,Brand_Toyota,Fuel Type_Diesel,Fuel Type_Electric,Fuel Type_Hybrid,Fuel Type_Petrol,Transmission_Automatic,Transmission_Manual,Condition_New,Condition_Used
2.3,114832,26613.92,19,8,0,0,0,0,0,1,0,0,0,0,1,0,1,1,0
4.4,143190,14679.61,1,6,0,1,0,0,0,0,0,0,1,0,0,0,1,0,1
4.5,181601,44402.61,3,11,1,0,0,0,0,0,0,0,1,0,0,0,1,1,0
4.1,68682,86374.33,20,13,0,0,0,0,0,1,0,1,0,0,0,1,0,1,0
2.6,223009,73577.1,21,15,0,0,1,0,0,0,0,1,0,0,0,0,1,1,0
2.4,246553,88969.76,24,5,1,0,0,0,0,0,0,1,0,0,0,1,0,1,0
4.0,135486,63498.75,23,4,1,0,0,0,0,0,0,0,1,0,0,1,0,0,1
5.3,83030,17381.19,20,7,0,0,0,0,0,1,0,0,0,1,0,1,0,1,0
5.7,120360,15905.62,8,1,0,0,0,1,0,0,0,0,1,0,0,0,1,1,0
1.5,135009,9560.22,11,14,0,0,1,0,0,0,0,0,1,0,0,1,0,1,0
1.8,298875,58872.6,17,23,0,0,0,0,0,1,0,1,0,0,0,1,0,1,0
5.7,169737,28074.19,21,7,0,0,1,0,0,0,0,0,1,0,0,1,0,0,1
4.7,114360,74766.45,12,18,0,0,1,0,0,0,0,0,0,0,1,1,0,1,0
5.4,263894,70193.74,24,1,1,0,0,0,0,0,0,0,1,0,0,1,0,1,0
2.0,65018,35220.52,26,10,0,1,0,0,0,0,0,0,1,0,0,1,0,1,0
3.9,240904,21796.16,21,14,0,0,1,0,0,0,0,0,1,0,0,1,0,0,1
4.5,136817,14728.03,15,7,0,0,0,0,1,0,0,0,1,0,0,1,0,1,0
4.4,192803,75044.95,2,2,1,0,0,0,0,0,0,0,0,1,0,1,0,1,0
3.0,86984,47791.89,8,13,0,0,0,1,0,0,0,0,1,0,0,1,0,1,0
1.1,290595,35735.34,27,19,0,1,0,0,0,0,0,0,0,0,1,1,0,1,0
3.9,192608,86382.04,5,5,0,0,0,0,1,0,0,0,0,0,1,1,0,0,1
2.3,12150,61393.26,10,2,0,0,0,0,1,0,0,0,1,0,0,0,1,0,1
3.3,275550,54210.22,6,12,0,0,0,1,0,0,0,1,0,0,0,0,1,1,0
5.8,150853,75621.02,27,5,0,1,0,0,0,0,0,0,0,1,0,1,0,1,0
3.0,188489,82480.4,23,9,1,0,0,0,0,0,0,0,1,0,0,1,0,1,0
5.2,18325,70176.95,7,7,0,0,0,0,0,0,1,0,1,0,0,1,0,0,1
1.9,199756,46800.6,26,15,0,1,0,0,0,0,0,0,1,0,0,0,1,0,1
4.4,204541,41033.39,4,2,0,0,0,1,0,0,0,1,0,0,0,0,1,1,0
5.9,17669,78308.17,16,17,0,0,0,0,1,0,0,1,0,0,0,0,1,0,1
1.5,207836,54201.18,2,7,1,0,0,0,0,0,0,1,0,0,0,1,0,1,0
1.0,132915,71916.68,27,4,0,1,0,0,0,0,0,0,0,1,0,1,0,0,1
3.2,196681,89587.88,9,24,0,0,0,0,0,0,1,0,0,0,1,1,0,0,1
1.5,50812,92009.61,9,2,0,0,0,0,0,0,1,0,0,1,0,1,0,0,1
4.7,278203,31382.99,12,17,0,0,1,0,0,0,0,1,0,0,0,0,1,1,0
5.6,252862,22849.55,21,19,0,0,1,0,0,0,0,0,0,0,1,1,0,1,0
3.2,171840,29822.3,17,20,0,0,0,0,0,1,0,0,0,0,1,0,1,1,0
2.3,25395,76380.32,13,10,0,0,0,1,0,0,0,1,0,0,0,0,1,1,0
3.2,282346,40155.51,1,3,0,1,0,0,0,0,0,1,0,0,0,1,0,1,0
4.6,229707,21471.98,26,10,0,1,0,0,0,0,0,0,0,1,0,0,1,1,0
1.0,247181,14346.62,19,23,0,0,0,0,0,1,0,1,0,0,0,0,1,1,0
3.9,204120,36094.75,10,24,0,0,0,0,1,0,0,0,0,0,1,0,1,1,0
4.1,224839,17932.96,15,2,0,0,0,0,1,0,0,0,1,0,0,0,1,1,0
4.2,219882,19855.49,20,2,0,0,0,0,0,1,0,1,0,0,0,1,0,1,0
2.2,103235,69968.98,5,14,0,0,0,0,1,0,0,1,0,0,0,1,0,0,1
4.6,45510,6874.55,11,15,0,0,1,0,0,0,0,0,0,1,0,0,1,1,0
1.5,87945,16167.56,1,7,0,1,0,0,0,0,0,0,0,1,0,1,0,1,0
2.0,242802,85214.72,18,7,0,0,0,0,0,1,0,1,0,0,0,0,1,1,0
5.4,250168,85266.84,27,8,0,1,0,0,0,0,0,0,0,0,1,1,0,1,0
4.7,2881,36278.13,22,17,0,0,0,0,0,0,1,0,0,0,1,1,0,0,1
1.1,111860,13355.54,11,10,0,0,1,0,0,0,0,0,1,0,0,1,0,0,1
2.2,166415,71972.18,23,17,1,0,0,0,0,0,0,1,0,0,0,1,0,0,1
2.1,139728,39212.51,21,8,0,0,1,0,0,0,0,0,0,1,0,1,0,0,1
2.4,267885,9319.14,18,13,0,0,0,0,0,1,0,0,0,0,1,0,1,1,0
2.2,147733,19993.56,3,17,1,0,0,0,0,0,0,0,1,0,0,1,0,0,1
1.3,290834,18035.41,7,11,0,0,0,0,0,0,1,1,0,0,0,0,1,1,0
3.3,294977,60966.05,18,21,0,0,0,0,0,1,0,0,0,0,1,0,1,1,0
4.7,102566,90321.17,6,24,0,0,0,1,0,0,0,1,0,0,0,1,0,0,1
4.0,71240,80341.84,1,24,0,1,0,0,0,0,0,1,0,0,0,0,1,1,0
4.4,106898,56919.02,22,6,0,0,0,0,0,0,1,0,0,0,1,1,0,1,0
1.4,209304,45104.74,0,9,0,1,0,0,0,0,0,0,0,0,1,0,1,1,0
5.8,80522,63774.29,16,11,0,0,0,0,1,0,0,0,0,0,1,0,1,0,1
5.2,145512,47162.21,4,4,0,0,0,1,0,0,0,1,0,0,0,1,0,1,0
5.0,119107,28379.42,6,9,0,0,0,1,0,0,0,1,0,0,0,1,0,1,0
5.1,22462,69523.76,7,20,0,0,0,0,0,0,1,0,1,0,0,1,0,0,1
5.7,279965,87958.17,13,16,0,0,0,1,0,0,0,0,0,1,0,1,0,1,0
3.7,92889,40422.68,3,23,1,0,0,0,0,0,0,1,0,0,0,0,1,1,0
2.0,88952,84946.15,6,7,0,0,0,1,0,0,0,0,0,1,0,1,0,0,1
4.1,193596,45952.79,26,19,0,1,0,0,0,0,0,0,0,0,1,0,1,0,1
4.7,177505,43126.91,1,16,0,1,0,0,0,0,0,1,0,0,0,0,1,0,1
4.7,221576,7690.81,19,24,0,0,0,0,0,1,0,0,1,0,0,0,1,1,0
3.6,219393,71051.5,1,16,0,1,0,0,0,0,0,0,1,0,0,0,1,1,0
1.3,275455,81712.74,18,9,0,0,0,0,0,1,0,0,0,1,0,0,1,1,0
2.9,254084,68037.91,27,12,0,1,0,0,0,0,0,0,0,0,1,0,1,0,1
5.6,129466,19379.29,2,16,1,0,0,0,0,0,0,0,0,1,0,1,0,1,0
3.9,30531,14812.88,18,4,0,0,0,0,0,1,0,0,0,0,1,0,1,1,0
3.7,14588,59421.58,12,12,0,0,1,0,0,0,0,0,1,0,0,0,1,1,0
2.3,143452,43144.04,16,16,0,0,0,0,1,0,0,0,0,1,0,0,1,1,0
2.8,173717,45764.29,25,14,0,0,0,0,0,0,1,0,1,0,0,1,0,1,0
5.5,161929,96941.02,27,21,0,1,0,0,0,0,0,0,1,0,0,1,0,0,1
4.3,21711,73772.65,13,23,0,0,0,1,0,0,0,0,0,0,1,0,1,1,0
4.9,136169,44119.84,1,19,0,1,0,0,0,0,0,0,0,1,0,1,0,0,1
3.3,159465,6814.43,6,11,0,0,0,1,0,0,0,0,0,1,0,0,1,0,1
4.2,284220,8239.09,16,21,0,0,0,0,1,0,0,0,1,0,0,1,0,0,1
2.2,160389,70056.35,10,19,0,0,0,0,1,0,0,0,1,0,0,0,1,1,0
4.5,58480,84585.18,16,6,0,0,0,0,1,0,0,0,0,0,1,1,0,1,0
3.1,269188,72231.75,13,19,0,0,0,1,0,0,0,1,0,0,0,1,0,1,0
3.2,250309,43559.34,26,23,0,1,0,0,0,0,0,1,0,0,0,1,0,0,1
4.2,55486,7957.9,5,7,0,0,0,0,1,0,0,0,1,0,0,0,1,1,0
5.7,55162,96903.15,2,12,1,0,0,0,0,0,0,1,0,0,0,0,1,1,0
1.3,210359,98701.93,18,16,0,0,0,0,0,1,0,1,0,0,0,0,1,1,0
5.1,29882,57189.63,6,2,0,0,0,1,0,0,0,1,0,0,0,1,0,0,1
2.5,54078,11713.74,6,6,0,0,0,1,0,0,0,1,0,0,0,1,0,0,1
3.2,238680,56392.39,0,12,0,1,0,0,0,0,0,0,1,0,0,0,1,1,0
1.1,108730,89772.15,6,14,0,0,0,1,0,0,0,1,0,0,0,1,0,1,0
2.5,174898,69598.62,13,24,0,0,0,1,0,0,0,1,0,0,0,0,1,1,0
3.5,98938,73398.98,5,1,0,0,0,0,1,0,0,0,0,0,1,0,1,1,0
1.3,118319,13072.13,1,3,0,1,0,0,0,0,0,0,1,0,0,0,1,0,1
3.5,32543,15118.61,10,18,0,0,0,0,1,0,0,0,0,1,0,0,1,0,1
5.6,124279,17098.13,17,4,0,0,0,0,0,1,0,0,0,1,0,1,0,1,0
1.5,29362,90915.8,17,10,0,0,0,0,0,1,0,0,0,0,1,1,0,1,0
4.8,158818,54955.72,15,24,0,0,0,0,1,0,0,0,0,0,1,1,0,1,0
3.0,242721,80199.63,18,13,0,0,0,0,0,1,0,0,1,0,0,0,1,1,0
4.3,165229,15952.67,27,18,0,1,0,0,0,0,0,0,0,1,0,1,0,1,0
2.3,142394,93126.06,7,10,0,0,0,0,0,0,1,1,0,0,0,0,1,0,1
1.8,69812,83008.5,16,4,0,0,0,0,1,0,0,0,0,0,1,0,1,0,1
1.8,296161,26352.59,3,6,1,0,0,0,0,0,0,0,0,1,0,0,1,0,1
1.4,228208,88047.31,24,24,1,0,0,0,0,0,0,0,1,0,0,0,1,0,1
1.9,279773,30027.06,4,8,0,0,0,1,0,0,0,1,0,0,0,0,1,1,0
4.3,128614,24507.29,17,8,0,0,0,0,0,1,0,0,1,0,0,0,1,0,1
5.4,96950,30103.17,23,22,1,0,0,0,0,0,0,0,0,0,1,1,0,1,0
5.1,174942,91445.73,4,13,0,0,0,1,0,0,0,0,0,1,0,1,0,0,1
4.4,64829,91981.24,7,19,0,0,0,0,0,0,1,0,0,1,0,1,0,1,0
1.6,245602,36254.6,27,14,0,1,0,0,0,0,0,0,0,1,0,1,0,1,0
2.4,10588,72016.25,0,22,0,1,0,0,0,0,0,0,0,1,0,0,1,1,0
2.5,168217,69195.8,1,17,0,1,0,0,0,0,0,1,0,0,0,0,1,1,0
2.2,272743,81623.45,2,11,1,0,0,0,0,0,0,1,0,0,0,1,0,0,1
3.6,208502,33168.4,7,11,0,0,0,0,0,0,1,0,1,0,0,1,0,0,1
3.7,134011,53463.16,23,15,1,0,0,0,0,0,0,1,0,0,0,1,0,1,0
2.8,252856,68429.03,17,23,0,0,0,0,0,1,0,0,0,0,1,1,0,1,0
2.8,284293,7494.4,23,11,1,0,0,0,0,0,0,0,0,0,1,1,0,1,0
5.1,197639,40790.18,7,16,0,0,0,0,0,0,1,0,0,1,0,1,0,1,0
4.9,141280,71109.39,22,22,0,0,0,0,0,0,1,0,0,0,1,1,0,1,0
2.5,197170,28996.53,18,4,0,0,0,0,0,1,0,0,1,0,0,1,0,1,0
5.6,180564,95981.89,9,17,0,0,0,0,0,0,1,1,0,0,0,0,1,0,1
5.8,20951,7865.33,9,9,0,0,0,0,0,0,1,1,0,0,0,0,1,1,0
2.6,179992,96018.28,26,23,0,1,0,0,0,0,0,1,0,0,0,0,1,1,0
2.8,46766,25592.57,19,19,0,0,0,0,0,1,0,0,0,0,1,0,1,1,0
3.5,159423,9638.09,21,4,0,0,1,0,0,0,0,1,0,0,0,1,0,1,0
5.7,87122,32785.03,11,13,0,0,1,0,0,0,0,0,0,1,0,0,1,1,0
5.4,271452,79696.82,9,20,0,0,0,0,0,0,1,0,0,1,0,1,0,0,1
1.5,83211,76481.99,11,23,0,0,1,0,0,0,0,0,0,1,0,0,1,1,0
3.0,126534,24839.84,14,9,0,0,1,0,0,0,0,0,0,0,1,1,0,1,0
3.8,8720,23695.06,25,20,0,0,0,0,0,0,1,1,0,0,0,1,0,0,1
3.5,79993,66045.09,14,10,0,0,1,0,0,0,0,0,0,0,1,0,1,0,1
2.0,219973,48517.86,23,13,1,0,0,0,0,0,0,1,0,0,0,0,1,1,0
5.3,25905,80267.55,4,21,0,0,0,1,0,0,0,0,1,0,0,1,0,0,1
4.4,204580,7292.61,17,10,0,0,0,0,0,1,0,0,1,0,0,1,0,0,1
5.2,50385,62989.13,4,14,0,0,0,1,0,0,0,0,0,0,1,1,0,1,0
5.3,30653,74413.84,9,9,0,0,0,0,0,0,1,0,0,1,0,0,1,0,1
4.7,91865,99371.68,0,2,0,1,0,0,0,0,0,0,0,0,1,0,1,0,1
3.2,125813,69484.26,17,19,0,0,0,0,0,1,0,0,0,1,0,1,0,1,0
4.1,145871,27025.29,22,11,0,0,0,0,0,0,1,1,0,0,0,0,1,1,0
1.8,191175,15277.69,1,7,0,1,0,0,0,0,0,0,0,1,0,1,0,1,0
4.4,248535,65887.09,13,13,0,0,0,1,0,0,0,0,0,1,0,0,1,1,0
1.9,15052,54702.39,7,14,0,0,0,0,0,0,1,1,0,0,0,0,1,0,1
4.5,137116,90418.8,20,12,0,0,0,0,0,1,0,0,1,0,0,0,1,0,1
2.1,150943,74027.76,17,4,0,0,0,0,0,1,0,1,0,0,0,0,1,0,1
1.6,220375,53425.53,10,2,0,0,0,0,1,0,0,0,0,0,1,0,1,1,0
1.8,21381,43341.0,24,14,1,0,0,0,0,0,0,0,0,0,1,1,0,0,1
1.0,148346,43415.6,14,2,0,0,1,0,0,0,0,0,0,0,1,1,0,0,1
4.6,243234,26498.91,0,9,0,1,0,0,0,0,0,0,0,0,1,0,1,1,0
4.7,256017,6645.97,15,10,0,0,0,0,1,0,0,0,0,0,1,1,0,1,0
3.6,235020,59616.51,21,4,0,0,1,0,0,0,0,0,1,0,0,1,0,1,0
1.8,49892,25179.4,21,10,0,0,1,0,0,0,0,0,1,0,0,0,1,1,0
1.4,181593,24791.06,7,21,0,0,0,0,0,0,1,0,0,1,0,1,0,0,1
1.1,214992,16911.22,21,14,0,0,1,0,0,0,0,0,0,0,1,0,1,0,1
1.8,280064,23011.57,2,6,1,0,0,0,0,0,0,1,0,0,0,1,0,0,1
5.5,278846,8019.97,17,10,0,0,0,0,0,1,0,0,0,0,1,1,0,1,0
2.2,256216,69051.99,5,21,0,0,0,0,1,0,0,0,1,0,0,1,0,0,1
2.8,264038,43132.73,12,4,0,0,1,0,0,0,0,0,0,0,1,1,0,0,1
1.5,293129,58344.84,7,12,0,0,0,0,0,0,1,0,1,0,0,1,0,0,1
2.1,159359,65510.97,3,3,1,0,0,0,0,0,0,0,0,1,0,1,0,0,1
3.6,258771,97386.03,8,6,0,0,0,1,0,0,0,0,0,1,0,1,0,0,1
4.0,125702,11485.26,20,23,0,0,0,0,0,1,0,0,0,1,0,0,1,1,0
2.2,73527,44702.18,17,11,0,0,0,0,0,1,0,0,1,0,0,0,1,0,1
1.3,146511,28360.3,10,21,0,0,0,0,1,0,0,0,0,0,1,0,1,1,0
3.0,225692,50287.63,20,9,0,0,0,0,0,1,0,0,0,0,1,0,1,0,1
2.2,158731,92444.87,11,4,0,0,1,0,0,0,0,1,0,0,0,1,0,1,0
2.1,287120,73778.51,9,5,0,0,0,0,0,0,1,0,1,0,0,1,0,0,1
5.8,235311,67885.21,20,11,0,0,0,0,0,1,0,1,0,0,0,1,0,0,1
4.1,198937,46918.36,18,10,0,0,0,0,0,1,0,0,0,1,0,0,1,0,1
3.8,199378,68755.69,6,22,0,0,0,1,0,0,0,0,0,0,1,0,1,0,1
3.1,56697,8075.66,6,17,0,0,0,1,0,0,0,0,1,0,0,0,1,1,0
3.1,70382,60692.67,26,9,0,1,0,0,0,0,0,1,0,0,0,1,0,0,1
3.7,278795,57608.77,2,15,1,0,0,0,0,0,0,1,0,0,0,0,1,1,0
4.5,180116,37930.84,12,21,0,0,1,0,0,0,0,1,0,0,0,1,0,1,0
4.5,14633,24143.84,17,7,0,0,0,0,0,1,0,0,0,0,1,0,1,1,0
1.9,79164,81717.78,18,23,0,0,0,0,0,1,0,0,0,0,1,1,0,0,1
3.5,262713,10116.9,22,8,0,0,0,0,0,0,1,0,0,0,1,0,1,1,0
3.1,123425,11618.92,27,12,0,1,0,0,0,0,0,0,1,0,0,1,0,1,0
5.4,250220,46849.57,24,21,1,0,0,0,0,0,0,0,0,0,1,0,1,1,0
4.2,295182,28992.68,1,14,0,1,0,0,0,0,0,0,1,0,0,0,1,1,0
3.7,180160,75817.98,15,18,0,0,0,0,1,0,0,1,0,0,0,1,0,0,1
1.6,204249,65248.06,24,13,1,0,0,0,0,0,0,1,0,0,0,1,0,0,1
4.0,205538,78390.81,20,15,0,0,0,0,0,1,0,0,0,1,0,0,1,0,1
1.6,197865,35844.5,19,18,0,0,0,0,0,1,0,0,0,0,1,1,0,0,1
2.7,201466,75349.3,3,12,1,0,0,0,0,0,0,1,0,0,0,0,1,0,1
1.7,187223,86918.81,20,18,0,0,0,0,0,1,0,0,0,0,1,1,0,1,0
4.5,111174,37801.08,12,1,0,0,1,0,0,0,0,0,1,0,0,0,1,0,1
2.0,137980,37290.1,23,8,1,0,0,0,0,0,0,1,0,0,0,1,0,0,1
3.0,68447,90495.38,26,15,0,1,0,0,0,0,0,0,0,0,1,0,1,1,0
5.5,205599,9730.07,23,15,1,0,0,0,0,0,0,1,0,0,0,0,1,1,0
2.0,226301,38267.99,19,1,0,0,0,0,0,1,0,1,0,0,0,0,1,1,0
3.5,279778,16273.89,12,21,0,0,1,0,0,0,0,0,0,0,1,1,0,1,0
3.1,286705,7753.16,12,5,0,0,1,0,0,0,0,1,0,0,0,0,1,1,0
1.1,55063,15722.59,15,21,0,0,0,0,1,0,0,1,0,0,0,1,0,0,1
5.0,288065,45968.35,26,3,0,1,0,0,0,0,0,1,0,0,0,1,0,0,1
1.3,19340,70260.83,4,18,0,0,0,1,0,0,0,1,0,0,0,1,0,0,1
3.4,62781,32481.83,6,3,0,0,0,1,0,0,0,0,1,0,0,0,1,1,0
3.8,277045,85719.15,23,24,1,0,0,0,0,0,0,1,0,0,0,1,0,0,1
4.1,10638,46573.48,15,13,0,0,0,0,1,0,0,0,0,1,0,1,0,0,1
4.4,217986,96981.66,22,1,0,0,0,0,0,0,1,1,0,0,0,1,0,1,0
2.3,221668,95644.79,2,12,1,0,0,0,0,0,0,0,0,0,1,0,1,1,0
1.0,294786,78461.24,16,15,0,0,0,0,1,0,0,0,0,1,0,1,0,1,0
4.6,25378,93578.52,0,10,0,1,0,0,0,0,0,0,1,0,0,1,0,0,1
3.7,118171,72174.13,26,12,0,1,0,0,0,0,0,0,0,1,0,1,0,1,0
5.2,214801,90080.4,26,2,0,1,0,0,0,0,0,0,0,1,0,1,0,1,0
5.1,64377,27465.0,0,3,0,1,0,0,0,0,0,0,0,1,0,0,1,1,0
5.2,260339,37814.92,27,3,0,1,0,0,0,0,0,0,0,0,1,0,1,1,0
3.4,54691,76528.36,5,4,0,0,0,0,1,0,0,0,0,0,1,1,0,1,0
2.7,91782,45333.32,10,3,0,0,0,0,1,0,0,0,0,0,1,1,0,1,0
5.0,259896,84546.11,14,16,0,0,1,0,0,0,0,0,1,0,0,1,0,1,0
3.3,78343,88375.69,13,16,0,0,0,1,0,0,0,0,0,0,1,1,0,0,1
1.9,121399,33474.3,18,10,0,0,0,0,0,1,0,0,0,0,1,0,1,0,1
5.3,31357,83227.83,1,15,0,1,0,0,0,0,0,0,0,1,0,0,1,1,0
5.4,294458,19655.11,9,1,0,0,0,0,0,0,1,0,0,0,1,0,1,0,1
3.3,70283,36748.69,20,15,0,0,0,0,0,1,0,1,0,0,0,0,1,1,0
1.4,59567,54206.67,5,17,0,0,0,0,1,0,0,0,0,0,1,1,0,0,1
2.9,237778,26512.16,22,1,0,0,0,0,0,0,1,0,1,0,0,1,0,1,0
5.0,141758,60030.44,22,9,0,0,0,0,0,0,1,0,1,0,0,0,1,1,0
5.5,61606,59976.03,25,8,0,0,0,0,0,0,1,1,0,0,0,0,1,0,1
2.0,281035,24655.78,12,20,0,0,1,0,0,0,0,0,1,0,0,1,0,0,1
1.3,101732,80585.93,15,21,0,0,0,0,1,0,0,0,1,0,0,1,0,1,0
5.4,191791,65006.23,25,7,0,0,0,0,0,0,1,0,0,1,0,1,0,1,0
2.9,292021,35187.25,26,1,0,1,0,0,0,0,0,1,0,0,0,1,0,1,0
3.7,249465,27057.55,3,6,1,0,0,0,0,0,0,0,0,1,0,1,0,1,0
5.8,224589,88481.26,9,21,0,0,0,0,0,0,1,0,0,1,0,0,1,1,0
1.3,14026,84395.51,12,18,0,0,1,0,0,0,0,0,0,0,1,0,1,0,1
4.2,282566,26827.26,20,15,0,0,0,0,0,1,0,1,0,0,0,1,0,1,0
1.4,295625,8382.5,16,7,0,0,0,0,1,0,0,0,0,0,1,1,0,1,0
2.9,109384,81430.6,11,6,0,0,1,0,0,0,0,0,0,0,1,0,1,1,0
5.0,252771,63473.31,9,21,0,0,0,0,0,0,1,0,0,1,0,1,0,1,0
3.2,58031,14583.79,5,15,0,0,0,0,1,0,0,0,1,0,0,0,1,1,0
6.0,68232,60799.03,2,24,1,0,0,0,0,0,0,1,0,0,0,0,1,1,0
3.8,143084,47957.36,7,2,0,0,0,0,0,0,1,0,1,0,0,0,1,1,0
2.6,236503,78582.28,14,7,0,0,1,0,0,0,0,0,0,1,0,0,1,1,0
2.1,292104,24863.06,13,20,0,0,0,1,0,0,0,0,0,1,0,1,0,0,1
2.8,87695,48049.89,26,10,0,1,0,0,0,0,0,0,0,1,0,1,0,1,0
2.9,130066,19843.19,19,8,0,0,0,0,0,1,0,0,0,1,0,0,1,0,1
1.3,138982,95965.09,12,22,0,0,1,0,0,0,0,0,0,1,0,1,0,0,1
2.8,264837,78980.12,15,13,0,0,0,0,1,0,0,0,0,1,0,1,0,1,0
3.3,115313,74988.63,9,23,0,0,0,0,0,0,1,0,1,0,0,1,0,1,0
4.6,28810,70569.63,0,24,0,1,0,0,0,0,0,0,0,0,1,1,0,1,0
4.3,20092,45216.96,22,2,0,0,0,0,0,0,1,0,1,0,0,0,1,1,0
4.5,58105,92711.83,5,4,0,0,0,0,1,0,0,1,0,0,0,1,0,0,1
1.0,161577,11927.12,25,8,0,0,0,0,0,0,1,0,1,0,0,0,1,1,0
2.1,204300,81309.61,8,3,0,0,0,1,0,0,0,0,0,1,0,0,1,1,0
4.3,290699,25447.11,0,9,0,1,0,0,0,0,0,0,1,0,0,1,0,1,0
3.4,71934,35782.66,26,20,0,1,0,0,0,0,0,0,0,0,1,0,1,1,0
1.0,72788,54345.82,15,10,0,0,0,0,1,0,0,1,0,0,0,1,0,0,1
5.0,280083,79352.23,18,22,0,0,0,0,0,1,0,0,1,0,0,1,0,1,0
4.9,155223,84660.82,6,18,0,0,0,1,0,0,0,0,0,0,1,0,1,1,0
3.7,128068,60454.56,11,14,0,0,1,0,0,0,0,0,1,0,0,1,0,0,1
1.3,36,43288.37,7,15,0,0,0,0,0,0,1,1,0,0,0,0,1,1,0
4.8,39051,94917.73,23,16,1,0,0,0,0,0,0,0,1,0,0,0,1,0,1
3.9,80738,28419.52,7,11,0,0,0,0,0,0,1,0,0,1,0,1,0,1,0
4.9,60071,81293.98,7,12,0,0,0,0,0,0,1,0,1,0,0,1,0,0,1
4.8,130613,63144.71,14,23,0,0,1,0,0,0,0,0,0,0,1,1,0,1,0
5.0,73601,40805.03,7,22,0,0,0,0,0,0,1,0,1,0,0,0,1,1,0
3.6,29873,5129.96,8,18,0,0,0,1,0,0,0,0,0,0,1,1,0,1,0
1.7,167720,47426.93,13,4,0,0,0,1,0,0,0,1,0,0,0,0,1,1,0
4.4,71468,31288.4,26,7,0,1,0,0,0,0,0,0,1,0,0,0,1,1,0
4.1,288614,14912.93,10,22,0,0,0,0,1,0,0,1,0,0,0,1,0,1,0
4.7,196201,12140.06,17,15,0,0,0,0,0,1,0,1,0,0,0,1,0,1,0
1.8,8328,38018.04,2,3,1,0,0,0,0,0,0,0,1,0,0,1,0,1,0
2.0,137405,63401.95,7,18,0,0,0,0,0,0,1,0,0,0,1,0,1,0,1
5.5,251519,84564.33,22,16,0,0,0,0,0,0,1,1,0,0,0,1,0,0,1
4.7,121173,22438.51,14,8,0,0,1,0,0,0,0,1,0,0,0,0,1,1,0
5.5,46638,45341.18,16,14,0,0,0,0,1,0,0,0,1,0,0,1,0,1,0
4.8,273412,42235.83,4,18,0,0,0,1,0,0,0,0,1,0,0,1,0,1,0
4.0,201675,53772.43,3,1,1,0,0,0,0,0,0,0,1,0,0,0,1,0,1
4.3,113920,81910.79,1,11,0,1,0,0,0,0,0,0,1,0,0,0,1,1,0
5.4,171813,57596.3,6,6,0,0,0,1,0,0,0,0,1,0,0,1,0,1,0
3.9,7887,85432.22,10,21,0,0,0,0,1,0,0,0,0,1,0,1,0,0,1
4.2,228978,54262.42,18,19,0,0,0,0,0,1,0,0,1,0,0,1,0,1,0
1.8,24918,62365.5,1,15,0,1,0,0,0,0,0,0,0,0,1,1,0,0,1
3.4,297641,46551.41,19,18,0,0,0,0,0,1,0,1,0,0,0,1,0,0,1
4.6,192081,83194.08,12,12,0,0,1,0,0,0,0,0,0,0,1,0,1,1,0
2.4,274073,92763.58,11,11,0,0,1,0,0,0,0,0,0,0,1,0,1,1,0
2.0,102201,65718.75,9,21,0,0,0,0,0,0,1,0,0,1,0,0,1,0,1
2.6,210171,82974.33,19,17,0,0,0,0,0,1,0,0,1,0,0,0,1,0,1
2.2,290690,10605.32,10,20,0,0,0,0,1,0,0,1,0,0,0,1,0,1,0
2.1,209496,91080.62,24,24,1,0,0,0,0,0,0,0,0,0,1,0,1,1,0
3.1,168410,22947.88,1,21,0,1,0,0,0,0,0,0,1,0,0,0,1,1,0
5.5,82494,29369.44,6,22,0,0,0,1,0,0,0,0,1,0,0,0,1,1,0
3.5,215859,10066.36,15,16,0,0,0,0,1,0,0,0,0,1,0,1,0,0,1
1.9,233853,96713.01,15,17,0,0,0,0,1,0,0,0,0,1,0,0,1,1,0
1.4,128279,85941.03,12,24,0,0,1,0,0,0,0,0,0,1,0,1,0,1,0
4.5,81991,91752.54,18,19,0,0,0,0,0,1,0,1,0,0,0,0,1,1,0
2.9,290157,85485.54,7,16,0,0,0,0,0,0,1,0,0,0,1,1,0,1,0
5.1,52132,50555.4,7,18,0,0,0,0,0,0,1,0,0,1,0,0,1,0,1
4.3,255069,92787.78,0,21,0,1,0,0,0,0,0,0,0,1,0,1,0,1,0
5.0,159156,97099.92,11,12,0,0,1,0,0,0,0,0,0,1,0,0,1,1,0
2.4,152215,52743.86,10,8,0,0,0,0,1,0,0,0,0,0,1,1,0,0,1
4.5,91627,21684.35,3,23,1,0,0,0,0,0,0,0,0,0,1,1,0,0,1
2.3,122772,67569.14,14,20,0,0,1,0,0,0,0,0,0,1,0,0,1,0,1
5.7,229415,97666.64,1,13,0,1,0,0,0,0,0,0,0,1,0,1,0,1,0
4.2,141294,87853.95,27,4,0,1,0,0,0,0,0,0,1,0,0,1,0,1,0
2.6,259013,86872.44,14,17,0,0,1,0,0,0,0,0,0,1,0,0,1,0,1
2.3,16116,93712.71,1,19,0,1,0,0,0,0,0,1,0,0,0,0,1,1,0
2.0,182124,89925.46,21,17,0,0,1,0,0,0,0,1,0,0,0,1,0,1,0
4.5,51369,78746.76,4,7,0,0,0,1,0,0,0,0,0,1,0,0,1,1,0
2.1,179889,73235.92,11,22,0,0,1,0,0,0,0,0,0,0,1,0,1,0,1
4.0,233982,30152.88,17,3,0,0,0,0,0,1,0,0,1,0,0,0,1,0,1
2.3,214275,64027.3,11,13,0,0,1,0,0,0,0,0,0,0,1,1,0,1,0
4.3,205383,54541.42,26,22,0,1,0,0,0,0,0,0,0,1,0,1,0,0,1
5.1,291799,86884.69,20,3,0,0,0,0,0,1,0,1,0,0,0,1,0,0,1
4.9,188874,51712.69,27,19,0,1,0,0,0,0,0,0,1,0,0,1,0,0,1
4.8,47632,17135.56,22,23,0,0,0,0,0,0,1,0,0,0,1,1,0,1,0
1.9,211284,5472.39,22,2,0,0,0,0,0,0,1,0,0,0,1,1,0,1,0
1.4,161848,69397.95,18,13,0,0,0,0,0,1,0,0,0,1,0,1,0,1,0
4.5,191082,57241.3,8,23,0,0,0,1,0,0,0,0,1,0,0,0,1,1,0
2.8,213807,36441.48,25,19,0,0,0,0,0,0,1,1,0,0,0,1,0,0,1
3.2,196523,21052.35,14,8,0,0,1,0,0,0,0,0,0,1,0,1,0,1,0
1.2,179884,49337.96,1,22,0,1,0,0,0,0,0,0,1,0,0,0,1,1,0
2.3,281039,14527.21,9,23,0,0,0,0,0,0,1,0,0,0,1,0,1,1,0
1.2,235892,36930.31,9,2,0,0,0,0,0,0,1,0,0,1,0,0,1,0,1
5.4,213408,41025.13,13,5,0,0,0,1,0,0,0,0,0,0,1,1,0,0,1
2.2,242718,49233.78,19,17,0,0,0,0,0,1,0,0,0,0,1,0,1,1,0
3.8,192879,49328.97,19,3,0,0,0,0,0,1,0,0,0,1,0,1,0,1,0
1.2,23086,29415.54,5,13,0,0,0,0,1,0,0,0,0,1,0,1,0,1,0
4.3,85637,85770.04,13,21,0,0,0,1,0,0,0,0,0,1,0,1,0,1,0
2.6,158279,38776.63,12,20,0,0,1,0,0,0,0,0,0,1,0,0,1,1,0
5.5,151969,26810.79,18,12,0,0,0,0,0,1,0,0,0,1,0,0,1,0,1
5.4,63083,21701.94,26,10,0,1,0,0,0,0,0,0,0,0,1,1,0,0,1
2.6,95028,35644.95,4,2,0,0,0,1,0,0,0,1,0,0,0,1,0,0,1
5.5,97551,11417.52,25,9,0,0,0,0,0,0,1,1,0,0,0,1,0,0,1
6.0,138355,8126.21,1,15,0,1,0,0,0,0,0,0,0,1,0,0,1,0,1
5.1,94024,62488.51,1,2,0,1,0,0,0,0,0,0,0,0,1,1,0,1,0
5.2,262399,63818.98,25,9,0,0,0,0,0,0,1,1,0,0,0,0,1,0,1
2.2,207627,55310.88,8,13,0,0,0,1,0,0,0,1,0,0,0,1,0,1,0
3.9,15487,77417.09,9,8,0,0,0,0,0,0,1,1,0,0,0,0,1,0,1
1.3,19346,8719.3,16,9,0,0,0,0,1,0,0,0,0,0,1,1,0,1,0
1.5,297194,93917.45,1,13,0,1,0,0,0,0,0,0,0,1,0,0,1,1,0
6.0,270888,14031.19,24,17,1,0,0,0,0,0,0,0,0,1,0,0,1,1,0
2.6,61596,69032.18,3,5,1,0,0,0,0,0,0,0,0,1,0,0,1,1,0
4.7,214469,17672.68,21,22,0,0,1,0,0,0,0,0,1,0,0,0,1,1,0
5.0,177175,88591.02,20,9,0,0,0,0,0,1,0,0,1,0,0,0,1,1,0
5.3,153048,53517.76,22,12,0,0,0,0,0,0,1,0,1,0,0,0,1,0,1
6.0,6277,12817.89,25,2,0,0,0,0,0,0,1,0,0,0,1,1,0,1,0
2.2,133332,63588.79,12,6,0,0,1,0,0,0,0,1,0,0,0,1,0,1,0
1.2,240515,5865.44,12,17,0,0,1,0,0,0,0,1,0,0,0,1,0,1,0
3.1,260577,78722.11,21,3,0,0,1,0,0,0,0,0,0,0,1,1,0,0,1
1.7,196955,66805.57,27,20,0,1,0,0,0,0,0,0,0,0,1,0,1,1,0
1.1,286885,25199.35,10,5,0,0,0,0,1,0,0,0,0,1,0,1,0,1,0
2.8,299355,40601.34,7,17,0,0,0,0,0,0,1,0,0,1,0,0,1,1,0
4.9,240464,5741.64,27,1,0,1,0,0,0,0,0,0,1,0,0,0,1,1,0
3.8,258445,70899.96,14,13,0,0,1,0,0,0,0,0,1,0,0,0,1,1,0
2.6,269013,35653.47,9,24,0,0,0,0,0,0,1,0,0,0,1,1,0,1,0
4.3,94515,59300.95,0,4,0,1,0,0,0,0,0,0,1,0,0,0,1,0,1
2.2,150494,95889.12,16,5,0,0,0,0,1,0,0,1,0,0,0,1,0,0,1
1.1,166685,33449.34,27,19,0,1,0,0,0,0,0,0,0,0,1,1,0,0,1
4.8,188088,99072.6,5,3,0,0,0,0,1,0,0,0,0,0,1,1,0,0,1
4.1,60110,65109.2,14,7,0,0,1,0,0,0,0,1,0,0,0,1,0,1,0
4.8,219601,27998.42,15,17,0,0,0,0,1,0,0,0,0,1,0,1,0,0,1
1.2,208994,46493.9,7,18,0,0,0,0,0,0,1,0,0,1,0,0,1,1,0
5.2,296177,75343.05,21,24,0,0,1,0,0,0,0,1,0,0,0,0,1,1,0
4.1,260705,47415.4,25,4,0,0,0,0,0,0,1,1,0,0,0,1,0,0,1
3.8,12938,11508.22,3,9,1,0,0,0,0,0,0,0,1,0,0,0,1,1,0
4.1,130842,21017.35,4,13,0,0,0,1,0,0,0,0,0,0,1,1,0,0,1
5.3,264418,80173.29,5,19,0,0,0,0,1,0,0,0,1,0,0,0,1,1,0
3.9,150033,66595.44,8,5,0,0,0,1,0,0,0,1,0,0,0,0,1,0,1
3.9,20044,59133.42,4,23,0,0,0,1,0,0,0,0,1,0,0,0,1,1,0
6.0,99372,20924.09,10,11,0,0,0,0,1,0,0,1,0,0,0,0,1,0,1
4.8,276850,84586.96,12,21,0,0,1,0,0,0,0,0,1,0,0,0,1,1,0
3.2,137046,96270.31,24,24,1,0,0,0,0,0,0,0,1,0,0,0,1,1,0
4.5,21213,8884.27,22,2,0,0,0,0,0,0,1,0,0,1,0,0,1,1,0
2.9,1950,12413.03,26,7,0,1,0,0,0,0,0,1,0,0,0,0,1,1,0
2.1,254043,89048.83,25,12,0,0,0,0,0,0,1,0,1,0,0,0,1,1,0
4.0,216085,82477.46,27,23,0,1,0,0,0,0,0,0,0,0,1,0,1,1,0
5.6,272555,63703.77,22,16,0,0,0,0,0,0,1,0,1,0,0,0,1,1,0
5.6,148843,94771.69,15,4,0,0,0,0,1,0,0,0,1,0,0,0,1,1,0
2.7,297197,66410.9,23,23,1,0,0,0,0,0,0,0,0,0,1,0,1,1,0
3.6,248966,25518.6,0,16,0,1,0,0,0,0,0,1,0,0,0,1,0,1,0
2.1,138117,74221.02,19,24,0,0,0,0,0,1,0,0,0,1,0,0,1,1,0
6.0,29714,66342.48,11,14,0,0,1,0,0,0,0,0,0,1,0,0,1,0,1
5.9,165458,98645.75,25,22,0,0,0,0,0,0,1,0,0,1,0,0,1,1,0
4.2,270706,25320.09,9,5,0,0,0,0,0,0,1,0,0,0,1,0,1,1,0
5.0,12026,61799.07,0,2,0,1,0,0,0,0,0,0,1,0,0,0,1,0,1
4.6,106147,79115.91,12,21,0,0,1,0,0,0,0,1,0,0,0,0,1,0,1
4.0,31589,37203.39,12,7,0,0,1,0,0,0,0,0,1,0,0,1,0,0,1
1.3,108199,41069.56,5,2,0,0,0,0,1,0,0,0,0,1,0,1,0,1,0
3.3,288988,89350.67,20,19,0,0,0,0,0,1,0,0,1,0,0,1,0,0,1
4.4,208574,43398.51,10,22,0,0,0,0,1,0,0,0,0,0,1,0,1,0,1
4.4,214340,64349.62,15,3,0,0,0,0,1,0,0,0,0,0,1,0,1,0,1
2.9,54708,89477.62,16,14,0,0,0,0,1,0,0,1,0,0,0,0,1,1,0
5.7,70825,24933.53,5,10,0,0,0,0,1,0,0,1,0,0,0,1,0,1,0
1.8,51574,98278.34,15,3,0,0,0,0,1,0,0,0,0,1,0,0,1,1,0
3.5,232409,71685.59,2,20,1,0,0,0,0,0,0,1,0,0,0,0,1,1,0
4.5,186381,52131.56,11,5,0,0,1,0,0,0,0,0,1,0,0,1,0,0,1
4.5,64230,45937.45,5,15,0,0,0,0,1,0,0,0,0,0,1,1,0,1,0
4.2,254451,95664.64,21,13,0,0,1,0,0,0,0,0,0,0,1,0,1,1,0
2.4,247174,24543.86,12,10,0,0,1,0,0,0,0,0,0,0,1,0,1,0,1
1.8,219700,34609.91,6,8,0,0,0,1,0,0,0,1,0,0,0,0,1,0,1
4.2,287249,34240.31,23,15,1,0,0,0,0,0,0,0,0,0,1,0,1,1,0
4.0,246514,32455.6,15,19,0,0,0,0,1,0,0,0,0,0,1,1,0,0,1
1.9,264491,49511.11,25,7,0,0,0,0,0,0,1,0,0,0,1,0,1,1,0
4.5,226094,98972.03,1,12,0,1,0,0,0,0,0,0,0,1,0,0,1,1,0
3.3,148182,89434.74,19,22,0,0,0,0,0,1,0,0,0,1,0,1,0,0,1
4.3,193242,36155.21,9,1,0,0,0,0,0,0,1,1,0,0,0,0,1,1,0
5.2,182873,45172.66,3,15,1,0,0,0,0,0,0,0,0,0,1,0,1,1,0
1.8,124926,68600.67,0,11,0,1,0,0,0,0,0,1,0,0,0,1,0,0,1
1.1,81147,6629.41,23,19,1,0,0,0,0,0,0,0,0,0,1,1,0,1,0
4.9,19199,82914.6,11,22,0,0,1,0,0,0,0,0,0,0,1,0,1,1,0
4.0,183208,88580.82,1,9,0,1,0,0,0,0,0,0,0,0,1,1,0,1,0
4.5,220868,86434.03,11,18,0,0,1,0,0,0,0,1,0,0,0,1,0,1,0
5.2,120787,40630.17,9,5,0,0,0,0,0,0,1,1,0,0,0,0,1,1,0
5.0,114427,48889.95,9,11,0,0,0,0,0,0,1,0,0,0,1,1,0,1,0
5.8,148063,6176.89,0,16,0,1,0,0,0,0,0,0,1,0,0,0,1,1,0
3.7,153625,42942.56,27,10,0,1,0,0,0,0,0,1,0,0,0,0,1,0,1
3.4,220782,48740.55,15,4,0,0,0,0,1,0,0,0,0,1,0,0,1,1,0
3.0,87493,91162.56,24,22,1,0,0,0,0,0,0,1,0,0,0,0,1,1,0
1.8,274915,89928.83,15,23,0,0,0,0,1,0,0,0,0,0,1,1,0,1,0
3.9,125607,96779.22,24,23,1,0,0,0,0,0,0,0,1,0,0,0,1,1,0
2.4,246834,89084.97,15,22,0,0,0,0,1,0,0,0,0,0,1,0,1,1,0
5.6,79876,5779.07,12,7,0,0,1,0,0,0,0,0,0,1,0,0,1,1,0
3.9,167071,65938.78,0,11,0,1,0,0,0,0,0,1,0,0,0,0,1,0,1
4.0,202959,11482.58,22,5,0,0,0,0,0,0,1,1,0,0,0,1,0,1,0
2.8,243722,30896.46,3,7,1,0,0,0,0,0,0,0,0,0,1,1,0,1,0
1.3,44440,59939.22,24,15,1,0,0,0,0,0,0,0,0,0,1,1,0,1,0
1.2,31655,71558.31,7,23,0,0,0,0,0,0,1,0,0,1,0,0,1,1,0
3.1,43039,67190.04,15,3,0,0,0,0,1,0,0,0,1,0,0,1,0,1,0
1.4,72219,9660.54,24,24,1,0,0,0,0,0,0,0,0,1,0,1,0,1,0
4.0,186061,14842.37,18,21,0,0,0,0,0,1,0,0,1,0,0,0,1,1,0
5.4,273388,17215.75,12,11,0,0,1,0,0,0,0,1,0,0,0,1,0,1,0
5.4,94594,13684.37,26,24,0,1,0,0,0,0,0,0,1,0,0,0,1,1,0
4.3,170623,21932.27,22,11,0,0,0,0,0,0,1,0,1,0,0,1,0,1,0
2.1,194302,70406.34,1,9,0,1,0,0,0,0,0,1,0,0,0,1,0,0,1
5.3,290515,83929.54,17,3,0,0,0,0,0,1,0,1,0,0,0,1,0,1,0
5.4,159950,43837.32,23,11,1,0,0,0,0,0,0,1,0,0,0,1,0,0,1
2.0,167229,70814.24,2,5,1,0,0,0,0,0,0,0,0,1,0,0,1,1,0
4.7,5914,24001.54,20,22,0,0,0,0,0,1,0,1,0,0,0,0,1,0,1
2.4,214772,97461.61,22,22,0,0,0,0,0,0,1,0,0,0,1,1,0,1,0
5.0,289324,38249.76,12,16,0,0,1,0,0,0,0,1,0,0,0,0,1,0,1
6.0,227561,85357.36,4,19,0,0,0,1,0,0,0,1,0,0,0,1,0,1,0
1.2,187435,94809.81,7,12,0,0,0,0,0,0,1,1,0,0,0,1,0,1,0
5.5,95213,87147.83,13,4,0,0,0,1,0,0,0,0,1,0,0,1,0,0,1
4.1,37805,11371.43,18,23,0,0,0,0,0,1,0,0,0,1,0,1,0,0,1
5.9,126599,66779.18,5,17,0,0,0,0,1,0,0,1,0,0,0,1,0,1,0
3.3,153775,16408.62,8,4,0,0,0,1,0,0,0,0,0,1,0,1,0,1,0
5.2,190093,5537.99,21,23,0,0,1,0,0,0,0,0,0,0,1,0,1,0,1
1.3,74176,9919.43,15,21,0,0,0,0,1,0,0,0,0,0,1,0,1,1,0
2.7,94799,92034.17,8,10,0,0,0,1,0,0,0,1,0,0,0,1,0,1,0
1.3,98385,91304.03,17,21,0,0,0,0,0,1,0,0,0,0,1,0,1,0,1
5.9,235654,26453.32,5,12,0,0,0,0,1,0,0,0,0,1,0,1,0,1,0
5.1,88919,56970.82,20,13,0,0,0,0,0,1,0,0,1,0,0,0,1,0,1
5.3,81462,95727.68,4,12,0,0,0,1,0,0,0,1,0,0,0,0,1,1,0
5.7,179340,52187.08,20,11,0,0,0,0,0,1,0,0,0,0,1,0,1,0,1
1.4,165320,42389.89,21,5,0,0,1,0,0,0,0,0,0,1,0,1,0,1,0
2.9,31159,50908.63,6,7,0,0,0,1,0,0,0,0,0,1,0,0,1,0,1
1.4,42039,80070.5,13,19,0,0,0,1,0,0,0,0,0,0,1,1,0,1,0
2.1,232974,50341.38,8,14,0,0,0,1,0,0,0,0,0,1,0,1,0,0,1
2.1,47800,79411.38,7,23,0,0,0,0,0,0,1,0,0,1,0,1,0,1,0
3.3,94626,46011.26,9,2,0,0,0,0,0,0,1,1,0,0,0,0,1,1,0
2.3,118368,28940.54,25,6,0,0,0,0,0,0,1,0,0,1,0,0,1,1,0
1.5,174735,36014.91,11,6,0,0,1,0,0,0,0,0,0,0,1,0,1,1,0
1.8,80903,12393.23,5,20,0,0,0,0,1,0,0,1,0,0,0,1,0,0,1
1.7,118998,52251.21,19,6,0,0,0,0,0,1,0,0,0,0,1,1,0,1,0
5.9,241324,19070.54,23,23,1,0,0,0,0,0,0,0,1,0,0,0,1,1,0
4.8,233229,82096.97,4,15,0,0,0,1,0,0,0,0,0,0,1,1,0,1,0
5.8,61748,44956.1,18,23,0,0,0,0,0,1,0,0,0,0,1,0,1,0,1
3.2,41190,77675.22,6,14,0,0,0,1,0,0,0,1,0,0,0,0,1,1,0
2.4,40318,95673.74,11,7,0,0,1,0,0,0,0,0,0,1,0,0,1,1,0
5.0,168090,85700.41,4,1,0,0,0,1,0,0,0,0,0,0,1,0,1,1,0
2.6,124078,95389.05,7,10,0,0,0,0,0,0,1,1,0,0,0,1,0,1,0
2.5,39759,58953.97,24,16,1,0,0,0,0,0,0,0,1,0,0,0,1,0,1
2.2,278642,20705.82,26,2,0,1,0,0,0,0,0,1,0,0,0,0,1,1,0
1.6,25989,93862.62,4,6,0,0,0,1,0,0,0,1,0,0,0,0,1,1,0
2.3,156640,87507.92,19,16,0,0,0,0,0,1,0,0,0,1,0,0,1,1,0
2.8,161171,87119.23,9,22,0,0,0,0,0,0,1,0,0,0,1,0,1,1,0
4.4,285626,70861.07,0,4,0,1,0,0,0,0,0,0,1,0,0,0,1,1,0
1.3,292192,64367.04,24,16,1,0,0,0,0,0,0,1,0,0,0,0,1,1,0
2.1,35814,6398.77,27,11,0,1,0,0,0,0,0,0,0,0,1,1,0,0,1
5.0,190766,76065.14,9,6,0,0,0,0,0,0,1,0,0,0,1,1,0,1,0
1.7,60204,13695.84,10,18,0,0,0,0,1,0,0,1,0,0,0,1,0,1,0
2.7,32844,29676.34,15,9,0,0,0,0,1,0,0,0,0,0,1,1,0,1,0
5.3,248827,57391.58,26,9,0,1,0,0,0,0,0,1,0,0,0,0,1,1,0
1.8,245256,47914.6,12,24,0,0,1,0,0,0,0,1,0,0,0,1,0,0,1
1.4,21518,6498.57,19,21,0,0,0,0,0,1,0,1,0,0,0,1,0,1,0
3.4,23052,83278.58,18,21,0,0,0,0,0,1,0,0,1,0,0,1,0,0,1
2.5,256346,88486.09,26,18,0,1,0,0,0,0,0,1,0,0,0,0,1,1,0
3.8,69803,69777.93,13,17,0,0,0,1,0,0,0,0,0,1,0,1,0,1,0
5.0,71524,56401.45,4,8,0,0,0,1,0,0,0,0,0,0,1,1,0,1,0
1.7,224582,96270.09,19,20,0,0,0,0,0,1,0,0,1,0,0,0,1,1,0
3.9,67021,16395.84,17,18,0,0,0,0,0,1,0,0,0,0,1,1,0,1,0
3.5,211321,75101.46,15,5,0,0,0,0,1,0,0,0,1,0,0,0,1,1,0
1.7,282187,17194.26,11,5,0,0,1,0,0,0,0,0,0,1,0,1,0,0,1
4.1,2419,41275.26,22,21,0,0,0,0,0,0,1,0,1,0,0,0,1,0,1
2.4,187964,60621.03,8,19,0,0,0,1,0,0,0,0,1,0,0,1,0,1,0
3.4,121831,75023.33,18,18,0,0,0,0,0,1,0,0,1,0,0,1,0,1,0
1.4,244688,5353.03,15,7,0,0,0,0,1,0,0,0,0,0,1,1,0,0,1
3.3,101799,29756.8,23,20,1,0,0,0,0,0,0,1,0,0,0,0,1,1,0
2.5,194941,56129.04,15,5,0,0,0,0,1,0,0,0,0,0,1,1,0,1,0
5.1,176282,55623.0,13,22,0,0,0,1,0,0,0,1,0,0,0,0,1,0,1
1.3,108611,65574.51,8,18,0,0,0,1,0,0,0,0,0,0,1,0,1,1,0
3.1,137559,33866.09,5,3,0,0,0,0,1,0,0,0,0,1,0,0,1,0,1
3.3,62112,56350.28,9,11,0,0,0,0,0,0,1,0,0,1,0,0,1,0,1
4.6,239040,23029.74,1,18,0,1,0,0,0,0,0,0,1,0,0,1,0,1,0
3.9,278504,22752.86,6,20,0,0,0,1,0,0,0,0,0,1,0,1,0,1,0
4.3,233451,59773.58,15,3,0,0,0,0,1,0,0,0,1,0,0,1,0,1,0
4.9,221490,70119.9,19,20,0,0,0,0,0,1,0,1,0,0,0,0,1,1,0
5.3,265161,16438.0,15,2,0,0,0,0,1,0,0,0,0,1,0,1,0,1,0
2.6,191196,16665.04,21,23,0,0,1,0,0,0,0,1,0,0,0,0,1,1,0
3.7,247418,58703.76,1,4,0,1,0,0,0,0,0,0,0,0,1,0,1,1,0
5.2,221370,30659.1,24,3,1,0,0,0,0,0,0,1,0,0,0,0,1,0,1
5.9,189340,42277.91,9,19,0,0,0,0,0,0,1,0,0,0,1,1,0,0,1
5.4,66320,43071.1,2,10,1,0,0,0,0,0,0,1,0,0,0,1,0,0,1
2.9,235067,21962.52,26,4,0,1,0,0,0,0,0,1,0,0,0,0,1,0,1
2.0,212373,5124.89,0,15,0,1,0,0,0,0,0,0,0,1,0,1,0,1,0
3.4,293271,86049.42,1,2,0,1,0,0,0,0,0,1,0,0,0,1,0,0,1
4.7,180786,72925.19,24,1,1,0,0,0,0,0,0,0,0,1,0,0,1,0,1
3.5,294065,70601.16,17,18,0,0,0,0,0,1,0,0,0,1,0,0,1,1,0
3.4,266890,56917.99,0,20,0,1,0,0,0,0,0,0,1,0,0,1,0,0,1
5.2,65350,71592.12,10,24,0,0,0,0,1,0,0,0,1,0,0,0,1,1,0
2.8,181417,93890.4,3,12,1,0,0,0,0,0,0,0,0,0,1,0,1,0,1
5.3,240678,68239.0,27,4,0,1,0,0,0,0,0,1,0,0,0,1,0,0,1
3.0,22063,30183.68,15,7,0,0,0,0,1,0,0,0,0,0,1,1,0,1,0
2.6,117116,59203.2,19,12,0,0,0,0,0,1,0,1,0,0,0,0,1,1,0
3.3,177043,47020.82,12,4,0,0,1,0,0,0,0,0,1,0,0,1,0,1,0
4.8,134670,57859.82,20,4,0,0,0,0,0,1,0,0,1,0,0,0,1,1,0
1.6,10564,54173.0,1,7,0,1,0,0,0,0,0,1,0,0,0,0,1,0,1
2.0,242124,86583.65,3,20,1,0,0,0,0,0,0,1,0,0,0,1,0,1,0
5.8,227506,66921.01,6,12,0,0,0,1,0,0,0,0,1,0,0,0,1,1,0
1.9,86134,22932.06,0,21,0,1,0,0,0,0,0,0,1,0,0,0,1,1,0
3.8,105940,10986.59,4,8,0,0,0,1,0,0,0,0,0,0,1,0,1,0,1
3.9,62085,45314.56,10,22,0,0,0,0,1,0,0,0,1,0,0,1,0,1,0
3.4,17862,6483.01,14,8,0,0,1,0,0,0,0,1,0,0,0,1,0,1,0
4.2,272409,35238.25,25,14,0,0,0,0,0,0,1,0,0,0,1,1,0,0,1
2.1,140777,39962.04,20,4,0,0,0,0,0,1,0,1,0,0,0,0,1,1,0
3.8,186351,40680.94,11,5,0,0,1,0,0,0,0,0,0,1,0,0,1,1,0
2.9,62471,98038.25,26,2,0,1,0,0,0,0,0,0,0,0,1,1,0,1,0
4.3,91080,33870.58,8,4,0,0,0,1,0,0,0,1,0,0,0,1,0,0,1
1.7,108007,30196.61,19,21,0,0,0,0,0,1,0,0,1,0,0,1,0,0,1
3.9,46104,17291.19,4,23,0,0,0,1,0,0,0,0,0,1,0,0,1,1,0
1.9,40934,53545.84,3,5,1,0,0,0,0,0,0,1,0,0,0,1,0,1,0
2.4,254606,19599.06,13,9,0,0,0,1,0,0,0,0,0,0,1,0,1,1,0
2.1,6050,63548.0,2,7,1,0,0,0,0,0,0,1,0,0,0,1,0,0,1
1.9,175024,19740.18,10,17,0,0,0,0,1,0,0,0,0,1,0,0,1,1,0
5.1,270628,59783.97,19,22,0,0,0,0,0,1,0,0,0,0,1,0,1,1,0
2.4,184750,83495.58,18,16,0,0,0,0,0,1,0,0,0,1,0,1,0,0,1
5.6,31323,9039.84,25,5,0,0,0,0,0,0,1,1,0,0,0,0,1,1,0
5.8,86332,44875.96,1,19,0,1,0,0,0,0,0,0,1,0,0,1,0,1,0
3.9,255540,48799.65,2,15,1,0,0,0,0,0,0,0,1,0,0,0,1,0,1
1.7,254547,80151.85,22,4,0,0,0,0,0,0,1,1,0,0,0,0,1,0,1
2.9,272459,49451.99,6,15,0,0,0,1,0,0,0,1,0,0,0,1,0,0,1
5.0,157591,58915.9,4,12,0,0,0,1,0,0,0,1,0,0,0,0,1,0,1
2.8,271251,80164.4,22,8,0,0,0,0,0,0,1,0,0,0,1,1,0,1,0
1.4,55781,58177.06,18,16,0,0,0,0,0,1,0,0,0,1,0,1,0,0,1
3.8,266013,39038.44,4,8,0,0,0,1,0,0,0,0,0,1,0,1,0,0,1
5.2,7971,13155.02,5,1,0,0,0,0,1,0,0,0,0,1,0,0,1,1,0
5.0,254927,74341.98,16,16,0,0,0,0,1,0,0,1,0,0,0,0,1,0,1
1.9,287795,87758.12,25,16,0,0,0,0,0,0,1,0,0,1,0,0,1,1,0
4.4,23446,97156.13,3,24,1,0,0,0,0,0,0,1,0,0,0,1,0,1,0
2.1,257419,93026.99,3,23,1,0,0,0,0,0,0,0,0,0,1,1,0,0,1
2.1,169180,80754.7,9,9,0,0,0,0,0,0,1,0,1,0,0,0,1,1,0
5.4,3823,66129.83,23,24,1,0,0,0,0,0,0,1,0,0,0,0,1,0,1
2.2,144526,79238.71,19,15,0,0,0,0,0,1,0,1,0,0,0,1,0,1,0
2.3,135004,46047.95,19,7,0,0,0,0,0,1,0,0,1,0,0,0,1,1,0
1.0,205162,61503.74,3,17,1,0,0,0,0,0,0,0,1,0,0,1,0,1,0
5.4,67965,38126.48,15,4,0,0,0,0,1,0,0,0,0,0,1,0,1,0,1
5.0,272654,36037.38,24,14,1,0,0,0,0,0,0,0,0,1,0,1,0,0,1
4.1,141609,76885.72,19,2,0,0,0,0,0,1,0,1,0,0,0,0,1,1,0
4.8,105935,48123.61,11,23,0,0,1,0,0,0,0,0,0,1,0,0,1,0,1
1.8,233705,25155.32,27,17,0,1,0,0,0,0,0,1,0,0,0,1,0,1,0
3.3,253978,24184.13,6,3,0,0,0,1,0,0,0,0,0,0,1,1,0,1,0
2.8,144854,86621.37,21,17,0,0,1,0,0,0,0,0,1,0,0,1,0,1,0
1.5,78004,69387.25,3,8,1,0,0,0,0,0,0,0,0,0,1,0,1,1,0
3.4,22072,56874.38,16,10,0,0,0,0,1,0,0,0,1,0,0,1,0,1,0
5.6,81015,43089.18,9,8,0,0,0,0,0,0,1,0,0,1,0,1,0,1,0
1.2,225075,45927.65,23,2,1,0,0,0,0,0,0,0,0,1,0,0,1,1,0
2.5,220010,10456.34,15,1,0,0,0,0,1,0,0,0,0,0,1,1,0,1,0
2.0,72746,48216.46,0,12,0,1,0,0,0,0,0,0,1,0,0,1,0,1,0
2.2,176774,80568.22,23,6,1,0,0,0,0,0,0,0,0,0,1,1,0,1,0
5.5,128259,41858.72,19,20,0,0,0,0,0,1,0,0,1,0,0,0,1,1,0
3.3,30916,41440.22,7,13,0,0,0,0,0,0,1,0,1,0,0,0,1,0,1
3.3,27268,6493.08,15,24,0,0,0,0,1,0,0,0,0,1,0,0,1,1,0
4.8,175050,48494.35,10,2,0,0,0,0,1,0,0,0,0,1,0,1,0,1,0
1.8,243966,7407.08,5,20,0,0,0,0,1,0,0,0,1,0,0,0,1,0,1
3.4,23259,59183.2,1,17,0,1,0,0,0,0,0,0,1,0,0,1,0,1,0
3.1,79400,53144.42,23,12,1,0,0,0,0,0,0,0,1,0,0,1,0,0,1
4.0,296437,84800.81,0,17,0,1,0,0,0,0,0,0,0,1,0,1,0,1,0
6.0,111581,60269.16,4,2,0,0,0,1,0,0,0,0,0,1,0,0,1,1,0
4.8,7043,35725.6,4,14,0,0,0,1,0,0,0,1,0,0,0,0,1,0,1
3.0,181502,54041.95,24,24,1,0,0,0,0,0,0,0,1,0,0,1,0,1,0
5.1,107009,71472.1,20,12,0,0,0,0,0,1,0,1,0,0,0,1,0,0,1
1.9,209137,13926.56,27,6,0,1,0,0,0,0,0,0,1,0,0,0,1,0,1
1.2,161940,64002.04,25,1,0,0,0,0,0,0,1,0,0,1,0,0,1,0,1
2.0,288453,92079.5,10,22,0,0,0,0,1,0,0,1,0,0,0,0,1,0,1
2.7,285428,33417.38,16,1,0,0,0,0,1,0,0,1,0,0,0,1,0,0,1
3.6,113259,64529.38,3,8,1,0,0,0,0,0,0,0,0,0,1,0,1,1,0
4.1,100804,83026.3,17,20,0,0,0,0,0,1,0,0,1,0,0,0,1,1,0
5.6,69000,53621.61,4,5,0,0,0,1,0,0,0,0,0,1,0,0,1,1,0
3.5,84179,73208.06,4,4,0,0,0,1,0,0,0,0,0,0,1,1,0,1,0
3.5,291409,34545.98,5,17,0,0,0,0,1,0,0,0,0,0,1,0,1,0,1
1.3,260226,34075.55,2,11,1,0,0,0,0,0,0,0,1,0,0,1,0,1,0
1.2,23880,68420.48,26,21,0,1,0,0,0,0,0,0,0,0,1,1,0,1,0
3.8,201264,72013.84,8,14,0,0,0,1,0,0,0,0,1,0,0,1,0,0,1
3.2,172438,94015.92,27,5,0,1,0,0,0,0,0,0,0,0,1,0,1,1,0
5.2,245352,26359.66,20,10,0,0,0,0,0,1,0,0,1,0,0,0,1,1,0
1.8,67396,49480.67,8,6,0,0,0,1,0,0,0,0,0,1,0,0,1,1,0
1.1,279250,28798.78,6,18,0,0,0,1,0,0,0,0,1,0,0,1,0,1,0
3.2,56731,12608.76,14,6,0,0,1,0,0,0,0,0,1,0,0,0,1,1,0
2.2,75010,43306.9,13,6,0,0,0,1,0,0,0,1,0,0,0,1,0,1,0
1.2,249091,40537.67,22,14,0,0,0,0,0,0,1,0,0,1,0,0,1,0,1
4.6,294743,30691.24,3,20,1,0,0,0,0,0,0,0,0,1,0,0,1,1,0
1.6,71326,33214.51,3,20,1,0,0,0,0,0,0,0,0,1,0,0,1,1,0
4.0,248876,39239.12,0,3,0,1,0,0,0,0,0,0,0,0,1,0,1,1,0
2.4,9004,98939.58,17,17,0,0,0,0,0,1,0,1,0,0,0,1,0,0,1
1.9,115018,79380.99,8,15,0,0,0,1,0,0,0,0,0,1,0,1,0,0,1
2.9,25792,11783.11,22,19,0,0,0,0,0,0,1,0,0,0,1,1,0,0,1
5.0,54645,87879.25,1,10,0,1,0,0,0,0,0,0,0,0,1,1,0,0,1
3.0,7232,65163.82,12,9,0,0,1,0,0,0,0,0,0,0,1,0,1,1,0
4.8,54766,89606.41,27,8,0,1,0,0,0,0,0,1,0,0,0,1,0,1,0
1.6,120601,37462.42,27,17,0,1,0,0,0,0,0,0,0,0,1,1,0,1,0
4.9,81588,49129.29,13,17,0,0,0,1,0,0,0,1,0,0,0,1,0,0,1
2.2,179614,90141.57,14,16,0,0,1,0,0,0,0,0,1,0,0,0,1,1,0
4.4,5913,30894.45,26,23,0,1,0,0,0,0,0,0,0,0,1,1,0,1,0
3.8,112406,91972.58,25,10,0,0,0,0,0,0,1,0,0,1,0,1,0,1,0
5.6,113693,83707.47,7,7,0,0,0,0,0,0,1,0,0,0,1,0,1,0,1
2.9,93449,98153.0,24,22,1,0,0,0,0,0,0,0,1,0,0,0,1,1,0
1.3,10567,35804.47,21,8,0,0,1,0,0,0,0,0,1,0,0,1,0,1,0
1.1,38379,27396.55,14,21,0,0,1,0,0,0,0,0,0,0,1,1,0,0,1
5.1,206040,36432.36,24,21,1,0,0,0,0,0,0,0,1,0,0,0,1,1,0
3.6,262463,95691.73,0,11,0,1,0,0,0,0,0,1,0,0,0,1,0,1,0
4.9,90005,36641.96,12,16,0,0,1,0,0,0,0,1,0,0,0,0,1,1,0
2.2,223098,58695.12,22,16,0,0,0,0,0,0,1,0,0,0,1,1,0,1,0
2.7,4791,43349.53,7,2,0,0,0,0,0,0,1,1,0,0,0,1,0,1,0
1.2,131401,42640.91,13,7,0,0,0,1,0,0,0,1,0,0,0,1,0,1,0
5.8,205459,23370.97,11,15,0,0,1,0,0,0,0,0,0,1,0,1,0,0,1
4.3,61032,56022.56,27,4,0,1,0,0,0,0,0,0,0,0,1,1,0,0,1
5.7,175150,85693.4,3,21,1,0,0,0,0,0,0,0,1,0,0,0,1,1,0
2.3,21300,9701.08,24,13,1,0,0,0,0,0,0,0,0,0,1,0,1,0,1
4.1,55609,89476.53,26,17,0,1,0,0,0,0,0,1,0,0,0,1,0,0,1
4.4,191634,68219.93,17,23,0,0,0,0,0,1,0,0,0,1,0,1,0,0,1
2.6,90045,63590.12,15,3,0,0,0,0,1,0,0,0,0,0,1,1,0,0,1
5.2,267847,64460.52,8,12,0,0,0,1,0,0,0,0,0,0,1,0,1,0,1
5.7,223717,33145.63,24,4,1,0,0,0,0,0,0,1,0,0,0,0,1,1,0
5.4,219162,44438.73,14,9,0,0,1,0,0,0,0,1,0,0,0,0,1,1,0
4.7,27676,80932.55,8,23,0,0,0,1,0,0,0,0,0,0,1,0,1,0,1
2.4,220412,34106.2,14,14,0,0,1,0,0,0,0,1,0,0,0,0,1,0,1
2.4,176512,49651.92,19,15,0,0,0,0,0,1,0,1,0,0,0,0,1,1,0
5.8,167995,6865.07,9,10,0,0,0,0,0,0,1,1,0,0,0,0,1,1,0
1.1,291946,74688.04,6,8,0,0,0,1,0,0,0,1,0,0,0,0,1,1,0
4.6,124786,44681.71,3,17,1,0,0,0,0,0,0,1,0,0,0,1,0,1,0
4.5,68147,54909.08,4,7,0,0,0,1,0,0,0,0,0,1,0,0,1,0,1
4.1,22075,15895.49,8,2,0,0,0,1,0,0,0,1,0,0,0,0,1,0,1
6.0,205788,99212.85,4,16,0,0,0,1,0,0,0,0,1,0,0,0,1,1,0
2.6,9304,33734.44,15,17,0,0,0,0,1,0,0,0,0,0,1,0,1,0,1
2.7,129851,65324.02,8,11,0,0,0,1,0,0,0,0,0,1,0,1,0,1,0
1.4,59622,60217.45,12,7,0,0,1,0,0,0,0,0,0,1,0,0,1,1,0
3.2,108654,79583.76,7,3,0,0,0,0,0,0,1,1,0,0,0,1,0,1,0
2.3,249109,32914.51,18,5,0,0,0,0,0,1,0,0,0,0,1,1,0,1,0
2.7,286172,76813.1,26,5,0,1,0,0,0,0,0,0,1,0,0,1,0,1,0
5.2,39328,41337.66,6,4,0,0,0,1,0,0,0,1,0,0,0,0,1,1,0
5.7,289445,44060.29,23,13,1,0,0,0,0,0,0,0,0,0,1,0,1,1,0
1.9,218348,68907.69,4,6,0,0,0,1,0,0,0,1,0,0,0,0,1,1,0
2.9,36845,79507.15,2,11,1,0,0,0,0,0,0,1,0,0,0,1,0,1,0
5.6,76394,68352.33,11,8,0,0,1,0,0,0,0,1,0,0,0,1,0,1,0
1.3,175231,90488.55,24,1,1,0,0,0,0,0,0,1,0,0,0,1,0,1,0
1.5,80722,32090.11,0,4,0,1,0,0,0,0,0,1,0,0,0,1,0,1,0
1.8,287374,90558.59,9,22,0,0,0,0,0,0,1,1,0,0,0,0,1,1,0
4.0,92554,17432.03,3,2,1,0,0,0,0,0,0,1,0,0,0,0,1,0,1
1.8,49262,67655.38,3,18,1,0,0,0,0,0,0,0,1,0,0,0,1,1,0
5.8,41722,57024.91,9,8,0,0,0,0,0,0,1,0,0,1,0,1,0,1,0
3.2,171231,51990.41,27,13,0,1,0,0,0,0,0,0,1,0,0,1,0,1,0
3.5,240740,34536.64,8,16,0,0,0,1,0,0,0,1,0,0,0,0,1,1,0
2.2,87052,52854.61,2,10,1,0,0,0,0,0,0,1,0,0,0,0,1,1,0
3.4,100808,20368.47,7,7,0,0,0,0,0,0,1,0,1,0,0,1,0,0,1
4.3,255416,40085.49,11,4,0,0,1,0,0,0,0,0,1,0,0,0,1,1,0
4.8,262128,14374.69,7,12,0,0,0,0,0,0,1,0,0,1,0,0,1,1,0
4.8,221281,59325.43,14,4,0,0,1,0,0,0,0,0,1,0,0,1,0,0,1
3.9,246052,14097.95,27,17,0,1,0,0,0,0,0,0,0,1,0,1,0,0,1
5.5,104697,20232.74,13,11,0,0,0,1,0,0,0,1,0,0,0,1,0,0,1
5.1,231572,13119.35,25,17,0,0,0,0,0,0,1,0,0,0,1,0,1,1,0
4.8,232842,41224.51,19,11,0,0,0,0,0,1,0,0,0,0,1,1,0,1,0
1.3,96299,84986.05,20,18,0,0,0,0,0,1,0,0,0,0,1,0,1,0,1
1.0,165746,91155.16,16,2,0,0,0,0,1,0,0,0,0,0,1,0,1,0,1
2.1,149177,11829.5,2,13,1,0,0,0,0,0,0,1,0,0,0,1,0,0,1
4.3,160811,65282.26,27,14,0,1,0,0,0,0,0,0,0,0,1,0,1,0,1
3.1,163041,70016.62,22,3,0,0,0,0,0,0,1,0,1,0,0,1,0,0,1
3.0,14497,55708.14,19,3,0,0,0,0,0,1,0,0,1,0,0,1,0,1,0
5.4,254204,68363.56,23,14,1,0,0,0,0,0,0,0,0,0,1,0,1,0,1
5.5,257471,27200.62,20,3,0,0,0,0,0,1,0,0,1,0,0,0,1,1,0
5.5,92019,51516.2,25,12,0,0,0,0,0,0,1,0,0,1,0,1,0,1,0
2.6,190326,42133.21,11,7,0,0,1,0,0,0,0,1,0,0,0,1,0,1,0
4.5,109017,13522.26,22,23,0,0,0,0,0,0,1,0,0,0,1,1,0,1,0
2.4,218220,64427.86,5,4,0,0,0,0,1,0,0,0,0,0,1,1,0,0,1
2.0,105153,52045.44,9,10,0,0,0,0,0,0,1,1,0,0,0,1,0,1,0
1.9,33826,31141.53,25,5,0,0,0,0,0,0,1,0,1,0,0,1,0,0,1
2.7,110034,50000.1,5,7,0,0,0,0,1,0,0,1,0,0,0,0,1,0,1
3.1,84242,78653.31,1,10,0,1,0,0,0,0,0,1,0,0,0,0,1,1,0
5.2,50100,81157.49,25,6,0,0,0,0,0,0,1,0,1,0,0,0,1,1,0
1.6,221171,66704.98,16,2,0,0,0,0,1,0,0,1,0,0,0,0,1,1,0
4.7,12809,49436.04,23,1,1,0,0,0,0,0,0,0,1,0,0,1,0,1,0
3.7,64450,59696.22,11,13,0,0,1,0,0,0,0,0,1,0,0,0,1,0,1
2.4,111126,41576.46,14,12,0,0,1,0,0,0,0,1,0,0,0,0,1,0,1
3.5,264237,17022.85,25,3,0,0,0,0,0,0,1,0,0,1,0,1,0,1,0
2.5,44498,41633.96,27,14,0,1,0,0,0,0,0,0,1,0,0,0,1,1,0
4.0,116251,55381.61,26,20,0,1,0,0,0,0,0,1,0,0,0,1,0,1,0
3.2,40985,61889.23,24,24,1,0,0,0,0,0,0,0,1,0,0,1,0,0,1
1.8,294153,93901.09,9,1,0,0,0,0,0,0,1,0,0,1,0,1,0,0,1
1.6,17718,78846.68,12,22,0,0,1,0,0,0,0,0,0,1,0,1,0,1,0
3.7,278849,19439.29,26,3,0,1,0,0,0,0,0,0,0,0,1,1,0,1,0
5.5,62598,21547.31,22,6,0,0,0,0,0,0,1,0,1,0,0,0,1,0,1
2.7,274383,14547.0,17,2,0,0,0,0,0,1,0,0,1,0,0,0,1,1,0
4.7,46665,75127.26,0,18,0,1,0,0,0,0,0,1,0,0,0,0,1,1,0
4.3,294418,72081.62,5,13,0,0,0,0,1,0,0,0,1,0,0,1,0,1,0
5.7,146075,98704.48,17,10,0,0,0,0,0,1,0,0,0,0,1,0,1,1,0
5.1,161938,54592.22,27,20,0,1,0,0,0,0,0,0,0,1,0,0,1,0,1
3.8,153060,83509.42,14,10,0,0,1,0,0,0,0,0,0,1,0,0,1,0,1
4.3,221516,59761.79,6,17,0,0,0,1,0,0,0,0,0,0,1,0,1,0,1
5.5,136746,88038.24,20,15,0,0,0,0,0,1,0,0,1,0,0,1,0,1,0
3.0,201610,73497.0,3,9,1,0,0,0,0,0,0,0,1,0,0,0,1,0,1
2.6,66446,66073.98,2,17,1,0,0,0,0,0,0,0,0,0,1,1,0,0,1
1.1,29072,58686.65,21,24,0,0,1,0,0,0,0,1,0,0,0,1,0,0,1
5.1,33717,73682.2,0,13,0,1,0,0,0,0,0,0,0,1,0,0,1,0,1
5.0,218417,44867.12,22,20,0,0,0,0,0,0,1,0,0,0,1,1,0,1,0
1.5,157723,14174.78,26,22,0,1,0,0,0,0,0,0,0,0,1,1,0,1,0
3.9,109525,8798.68,14,24,0,0,1,0,0,0,0,0,1,0,0,1,0,1,0
3.3,213092,50507.25,24,21,1,0,0,0,0,0,0,0,0,1,0,1,0,0,1
1.6,4646,61932.7,0,17,0,1,0,0,0,0,0,0,1,0,0,1,0,0,1
5.9,175403,12490.66,2,22,1,0,0,0,0,0,0,0,0,0,1,1,0,0,1
2.1,284329,32255.84,18,15,0,0,0,0,0,1,0,1,0,0,0,1,0,1,0
1.3,229728,35593.06,9,23,0,0,0,0,0,0,1,0,0,1,0,0,1,0,1
4.0,52107,58465.58,20,14,0,0,0,0,0,1,0,0,0,0,1,0,1,1,0
4.7,244865,31455.83,23,15,1,0,0,0,0,0,0,0,0,0,1,1,0,0,1
1.2,279707,14086.62,2,4,1,0,0,0,0,0,0,1,0,0,0,1,0,0,1
4.3,70729,20661.39,4,11,0,0,0,1,0,0,0,0,0,0,1,0,1,1,0
3.7,277845,21525.04,8,18,0,0,0,1,0,0,0,0,0,0,1,0,1,0,1
1.5,200144,85056.02,18,23,0,0,0,0,0,1,0,0,0,1,0,0,1,1,0
1.9,215494,32010.37,16,16,0,0,0,0,1,0,0,0,0,1,0,0,1,1,0
3.8,252615,72895.71,19,9,0,0,0,0,0,1,0,0,0,1,0,1,0,1,0
2.5,128331,58944.68,13,12,0,0,0,1,0,0,0,0,1,0,0,1,0,1,0
5.7,160482,97818.68,3,16,1,0,0,0,0,0,0,1,0,0,0,0,1,1,0
5.1,99280,30918.15,12,5,0,0,1,0,0,0,0,0,0,1,0,0,1,1,0
5.9,189787,20045.44,18,21,0,0,0,0,0,1,0,0,1,0,0,0,1,1,0
2.3,38665,9943.59,2,3,1,0,0,0,0,0,0,0,1,0,0,0,1,1,0
5.8,278101,27891.17,11,15,0,0,1,0,0,0,0,1,0,0,0,1,0,0,1
3.2,259285,69986.73,14,3,0,0,1,0,0,0,0,1,0,0,0,0,1,1,0
2.7,163947,13099.53,6,13,0,0,0,1,0,0,0,0,0,0,1,0,1,1,0
1.3,113828,28246.68,17,8,0,0,0,0,0,1,0,0,1,0,0,0,1,0,1
1.3,132698,86254.29,0,11,0,1,0,0,0,0,0,0,0,1,0,1,0,1,0
4.5,90815,60380.53,25,11,0,0,0,0,0,0,1,1,0,0,0,1,0,1,0
3.3,194894,11604.55,13,23,0,0,0,1,0,0,0,0,1,0,0,1,0,1,0
2.1,203485,9529.9,8,4,0,0,0,1,0,0,0,0,0,1,0,0,1,1,0
4.1,164714,10806.67,27,5,0,1,0,0,0,0,0,0,1,0,0,0,1,1,0
2.3,32356,94478.13,22,14,0,0,0,0,0,0,1,1,0,0,0,0,1,1,0
3.9,265953,85737.79,23,9,1,0,0,0,0,0,0,0,0,0,1,1,0,1,0
2.8,297019,85269.3,5,6,0,0,0,0,1,0,0,0,1,0,0,1,0,1,0
5.1,241121,92800.59,17,2,0,0,0,0,0,1,0,0,0,1,0,0,1,1,0
5.1,271609,52999.26,5,19,0,0,0,0,1,0,0,1,0,0,0,0,1,0,1
3.4,197167,28497.74,24,1,1,0,0,0,0,0,0,0,0,0,1,1,0,1,0
2.8,196322,43128.06,13,6,0,0,0,1,0,0,0,0,0,1,0,0,1,1,0
2.8,15250,73292.09,22,20,0,0,0,0,0,0,1,0,0,1,0,0,1,0,1
5.0,46023,88223.12,4,21,0,0,0,1,0,0,0,0,0,1,0,0,1,1,0
2.6,101350,46333.64,12,10,0,0,1,0,0,0,0,0,1,0,0,1,0,1,0
2.0,177696,55861.19,13,21,0,0,0,1,0,0,0,1,0,0,0,0,1,0,1
1.4,16427,93519.38,4,5,0,0,0,1,0,0,0,0,0,1,0,0,1,1,0
3.3,210084,15212.37,2,15,1,0,0,0,0,0,0,0,1,0,0,0,1,1,0
3.4,134511,86918.43,3,1,1,0,0,0,0,0,0,1,0,0,0,0,1,1,0
5.2,218403,20134.21,2,3,1,0,0,0,0,0,0,1,0,0,0,1,0,1,0
2.1,78672,50966.83,10,22,0,0,0,0,1,0,0,0,1,0,0,1,0,0,1
2.9,17300,25750.2,21,20,0,0,1,0,0,0,0,0,1,0,0,1,0,0,1
5.0,19659,62280.02,2,19,1,0,0,0,0,0,0,0,0,1,0,0,1,0,1
5.1,162475,58064.48,7,4,0,0,0,0,0,0,1,1,0,0,0,1,0,0,1
2.9,245259,41100.7,16,3,0,0,0,0,1,0,0,0,0,0,1,0,1,1,0
3.3,10360,87013.83,26,17,0,1,0,0,0,0,0,0,1,0,0,1,0,1,0
2.5,283568,67682.27,7,18,0,0,0,0,0,0,1,1,0,0,0,0,1,1,0
5.7,98035,73514.49,20,4,0,0,0,0,0,1,0,1,0,0,0,1,0,0,1
1.6,48791,19312.68,19,15,0,0,0,0,0,1,0,0,0,1,0,1,0,0,1
5.7,199867,88900.74,25,19,0,0,0,0,0,0,1,0,0,0,1,1,0,1,0
4.4,274444,20868.82,23,11,1,0,0,0,0,0,0,0,0,1,0,0,1,1,0
3.7,33370,26164.57,27,21,0,1,0,0,0,0,0,0,0,0,1,0,1,0,1
1.2,200903,17165.24,0,12,0,1,0,0,0,0,0,0,0,0,1,0,1,1,0
3.4,27209,46834.12,16,5,0,0,0,0,1,0,0,0,1,0,0,1,0,1,0
3.0,283071,89332.38,1,8,0,1,0,0,0,0,0,1,0,0,0,0,1,1,0
1.8,34579,28982.51,17,2,0,0,0,0,0,1,0,1,0,0,0,0,1,1,0
4.3,271176,40506.57,21,18,0,0,1,0,0,0,0,1,0,0,0,0,1,0,1
5.9,93254,85376.31,2,21,1,0,0,0,0,0,0,0,0,0,1,0,1,1,0
3.8,113528,63692.45,0,11,0,1,0,0,0,0,0,1,0,0,0,0,1,1,0
4.6,223274,76403.56,15,22,0,0,0,0,1,0,0,0,1,0,0,0,1,1,0
1.3,238292,25330.0,19,1,0,0,0,0,0,1,0,0,0,0,1,1,0,1,0
3.1,181026,73066.54,14,20,0,0,1,0,0,0,0,0,0,0,1,1,0,1,0
1.6,248342,26623.0,6,9,0,0,0,1,0,0,0,0,0,0,1,0,1,1,0
4.1,219437,98794.83,6,2,0,0,0,1,0,0,0,0,0,0,1,1,0,1,0
5.7,278076,58189.18,12,5,0,0,1,0,0,0,0,0,1,0,0,1,0,1,0
4.3,287858,71085.73,17,21,0,0,0,0,0,1,0,1,0,0,0,0,1,1,0
1.4,57803,16248.15,10,1,0,0,0,0,1,0,0,0,1,0,0,0,1,1,0
2.8,133624,28812.32,21,1,0,0,1,0,0,0,0,1,0,0,0,1,0,1,0
3.8,56627,18275.36,2,23,1,0,0,0,0,0,0,0,1,0,0,0,1,0,1
3.0,177059,42066.22,23,7,1,0,0,0,0,0,0,0,0,1,0,1,0,0,1
5.2,45380,31992.91,13,6,0,0,0,1,0,0,0,0,0,1,0,1,0,0,1
5.1,160322,74627.61,1,6,0,1,0,0,0,0,0,0,0,1,0,1,0,1,0
4.1,199416,15327.35,10,8,0,0,0,0,1,0,0,0,0,1,0,0,1,1,0
2.9,146367,76445.64,13,11,0,0,0,1,0,0,0,0,0,0,1,1,0,0,1
2.3,272667,9341.96,26,6,0,1,0,0,0,0,0,0,0,0,1,0,1,1,0
1.5,259125,24191.69,26,3,0,1,0,0,0,0,0,0,1,0,0,0,1,1,0
2.8,13769,80236.67,3,1,1,0,0,0,0,0,0,0,1,0,0,0,1,1,0
3.1,112035,75563.78,19,12,0,0,0,0,0,1,0,0,0,1,0,0,1,1,0
4.4,175717,50250.98,7,13,0,0,0,0,0,0,1,1,0,0,0,0,1,0,1
4.3,221815,9748.36,20,19,0,0,0,0,0,1,0,0,0,1,0,1,0,0,1
1.4,231832,62939.91,7,4,0,0,0,0,0,0,1,0,1,0,0,0,1,1,0
3.0,156629,43638.79,14,21,0,0,1,0,0,0,0,0,0,1,0,0,1,1,0
1.9,234799,35070.17,24,6,1,0,0,0,0,0,0,0,1,0,0,0,1,1,0
1.8,168157,65839.01,1,9,0,1,0,0,0,0,0,0,0,1,0,0,1,1,0
5.1,144542,46478.38,15,12,0,0,0,0,1,0,0,1,0,0,0,0,1,0,1
1.2,118643,13780.0,9,21,0,0,0,0,0,0,1,0,0,1,0,1,0,0,1
3.1,210154,92015.29,18,2,0,0,0,0,0,1,0,1,0,0,0,0,1,1,0
1.8,137877,78956.84,0,8,0,1,0,0,0,0,0,1,0,0,0,0,1,0,1
5.4,213396,10355.93,22,2,0,0,0,0,0,0,1,0,1,0,0,1,0,1,0
3.8,225956,54881.07,22,24,0,0,0,0,0,0,1,1,0,0,0,0,1,1,0
2.2,181844,12920.87,9,7,0,0,0,0,0,0,1,0,0,0,1,1,0,1,0
3.5,101422,84542.54,15,5,0,0,0,0,1,0,0,0,0,0,1,1,0,1,0
4.7,268774,63236.33,24,8,1,0,0,0,0,0,0,0,0,0,1,1,0,1,0
5.8,277845,21382.67,5,10,0,0,0,0,1,0,0,0,1,0,0,1,0,1,0
2.1,145931,6970.43,6,14,0,0,0,1,0,0,0,0,0,0,1,0,1,0,1
5.4,117556,8000.2,1,3,0,1,0,0,0,0,0,0,1,0,0,0,1,0,1
5.7,228495,53199.72,24,12,1,0,0,0,0,0,0,0,1,0,0,1,0,0,1
5.6,254809,74765.48,24,24,1,0,0,0,0,0,0,0,0,0,1,1,0,0,1
4.2,205384,16479.84,24,8,1,0,0,0,0,0,0,1,0,0,0,0,1,1,0
4.1,15021,26021.99,18,19,0,0,0,0,0,1,0,0,0,1,0,1,0,1,0
3.0,200935,36089.69,23,21,1,0,0,0,0,0,0,0,1,0,0,1,0,1,0
4.8,204222,25717.29,15,5,0,0,0,0,1,0,0,0,0,0,1,1,0,0,1
3.7,64361,42176.97,24,9,1,0,0,0,0,0,0,0,1,0,0,0,1,0,1
4.4,272499,58163.43,11,10,0,0,1,0,0,0,0,1,0,0,0,1,0,1,0
3.1,98841,70068.99,1,10,0,1,0,0,0,0,0,1,0,0,0,0,1,1,0
4.7,180076,96558.64,2,19,1,0,0,0,0,0,0,0,0,0,1,0,1,1,0
5.1,246300,93430.15,1,10,0,1,0,0,0,0,0,0,1,0,0,0,1,1,0
1.7,160786,59162.06,11,11,0,0,1,0,0,0,0,0,0,1,0,1,0,1,0
5.2,17198,74744.26,11,14,0,0,1,0,0,0,0,0,0,1,0,1,0,1,0
3.7,258466,95332.86,26,18,0,1,0,0,0,0,0,0,1,0,0,0,1,1,0
5.2,18740,12929.83,9,16,0,0,0,0,0,0,1,0,1,0,0,0,1,1,0
3.2,265954,5535.3,8,9,0,0,0,1,0,0,0,0,1,0,0,0,1,0,1
2.9,258308,7830.98,20,20,0,0,0,0,0,1,0,0,0,0,1,1,0,1,0
5.6,99855,58518.19,9,5,0,0,0,0,0,0,1,1,0,0,0,1,0,0,1
2.3,210192,77469.18,25,15,0,0,0,0,0,0,1,0,0,1,0,0,1,0,1
5.2,288927,39872.12,10,7,0,0,0,0,1,0,0,0,0,0,1,0,1,0,1
3.4,121701,56797.72,20,22,0,0,0,0,0,1,0,0,1,0,0,1,0,1,0
3.6,271615,54054.8,20,12,0,0,0,0,0,1,0,0,1,0,0,0,1,0,1
2.5,110771,14003.23,9,14,0,0,0,0,0,0,1,1,0,0,0,1,0,1,0
3.9,6163,35550.89,3,8,1,0,0,0,0,0,0,0,1,0,0,1,0,1,0
2.6,16065,6846.34,15,3,0,0,0,0,1,0,0,0,0,0,1,0,1,0,1
1.2,241262,15517.04,5,12,0,0,0,0,1,0,0,0,0,0,1,0,1,0,1
2.4,248924,82126.53,12,19,0,0,1,0,0,0,0,1,0,0,0,1,0,1,0
1.0,179420,83794.28,17,8,0,0,0,0,0,1,0,0,0,0,1,1,0,0,1
5.9,281298,81184.9,7,12,0,0,0,0,0,0,1,0,0,1,0,1,0,1,0
5.8,20229,74047.77,14,6,0,0,1,0,0,0,0,0,0,0,1,1,0,0,1
3.0,250470,80364.72,27,4,0,1,0,0,0,0,0,0,0,0,1,1,0,1,0
4.6,158069,68743.32,8,6,0,0,0,1,0,0,0,0,0,0,1,0,1,1,0
2.7,21101,68634.17,16,15,0,0,0,0,1,0,0,0,0,1,0,1,0,1,0
4.4,40391,68399.37,0,22,0,1,0,0,0,0,0,0,1,0,0,1,0,0,1
5.0,206935,53834.07,0,11,0,1,0,0,0,0,0,0,0,0,1,1,0,1,0
5.7,72723,39517.99,24,6,1,0,0,0,0,0,0,1,0,0,0,0,1,1,0
3.0,226293,74368.55,8,20,0,0,0,1,0,0,0,0,0,1,0,0,1,0,1
4.9,190477,33371.37,1,20,0,1,0,0,0,0,0,1,0,0,0,1,0,1,0
2.3,166020,56575.7,27,5,0,1,0,0,0,0,0,0,0,0,1,1,0,0,1
6.0,290604,46168.78,4,8,0,0,0,1,0,0,0,1,0,0,0,0,1,1,0
1.1,197190,31279.12,6,4,0,0,0,1,0,0,0,0,0,0,1,0,1,1,0
4.0,179354,97595.54,0,15,0,1,0,0,0,0,0,0,0,1,0,0,1,0,1
4.3,91725,29581.41,4,20,0,0,0,1,0,0,0,1,0,0,0,0,1,1,0
4.4,212139,34382.84,0,21,0,1,0,0,0,0,0,1,0,0,0,1,0,1,0
1.6,85779,20350.81,0,19,0,1,0,0,0,0,0,0,0,0,1,0,1,1,0
5.7,3060,83183.16,3,21,1,0,0,0,0,0,0,0,0,0,1,1,0,0,1
1.9,125806,60725.99,25,18,0,0,0,0,0,0,1,0,1,0,0,1,0,1,0
4.1,275875,63238.73,0,18,0,1,0,0,0,0,0,0,0,0,1,0,1,0,1
2.1,115871,82953.33,11,7,0,0,1,0,0,0,0,0,0,0,1,0,1,1,0
2.5,20719,37577.37,16,22,0,0,0,0,1,0,0,0,1,0,0,0,1,1,0
3.7,49116,23395.18,17,24,0,0,0,0,0,1,0,0,0,0,1,0,1,1,0
3.1,26325,23848.51,25,1,0,0,0,0,0,0,1,0,0,0,1,1,0,1,0
1.8,14551,74598.88,25,21,0,0,0,0,0,0,1,0,1,0,0,1,0,1,0
1.9,286422,63340.94,22,19,0,0,0,0,0,0,1,0,0,1,0,1,0,1,0
3.1,15141,24602.19,24,16,1,0,0,0,0,0,0,0,0,1,0,0,1,0,1
4.8,295759,18781.21,26,3,0,1,0,0,0,0,0,0,0,0,1,1,0,0,1
5.5,122058,16465.29,3,11,1,0,0,0,0,0,0,0,0,0,1,0,1,0,1
1.4,193823,64640.87,26,13,0,1,0,0,0,0,0,0,1,0,0,1,0,1,0
3.0,112684,5011.27,3,5,1,0,0,0,0,0,0,0,1,0,0,0,1,0,1
1.5,289596,6740.34,2,1,1,0,0,0,0,0,0,0,0,1,0,1,0,1,0
1.1,50391,42007.55,5,21,0,0,0,0,1,0,0,1,0,0,0,1,0,0,1
4.3,120288,70678.24,11,4,0,0,1,0,0,0,0,0,0,0,1,0,1,0,1
4.0,206132,71028.74,2,1,1,0,0,0,0,0,0,1,0,0,0,1,0,1,0
1.8,113535,45861.24,16,13,0,0,0,0,1,0,0,1,0,0,0,1,0,1,0
2.2,142770,70651.99,6,15,0,0,0,1,0,0,0,0,1,0,0,0,1,1,0
1.1,239947,54504.14,21,3,0,0,1,0,0,0,0,0,0,0,1,0,1,1,0
5.2,86711,97808.48,23,18,1,0,0,0,0,0,0,0,0,0,1,0,1,1,0
5.9,264509,20433.72,20,22,0,0,0,0,0,1,0,0,1,0,0,0,1,0,1
1.7,228625,62063.39,22,2,0,0,0,0,0,0,1,1,0,0,0,0,1,1,0
2.2,43372,51667.68,8,11,0,0,0,1,0,0,0,0,1,0,0,1,0,1,0
5.3,44134,23474.3,6,1,0,0,0,1,0,0,0,0,0,1,0,0,1,0,1
5.6,299967,76249.09,15,15,0,0,0,0,1,0,0,0,0,0,1,1,0,1,0
3.1,71158,31173.26,4,9,0,0,0,1,0,0,0,0,0,1,0,1,0,1,0
1.3,237159,41262.43,12,9,0,0,1,0,0,0,0,0,1,0,0,0,1,1,0
1.2,133021,40608.9,2,3,1,0,0,0,0,0,0,0,0,0,1,1,0,1,0
3.9,49396,28199.42,24,15,1,0,0,0,0,0,0,0,0,1,0,1,0,1,0
3.0,31912,45917.01,18,12,0,0,0,0,0,1,0,0,0,1,0,0,1,1,0
1.1,56947,49967.86,22,19,0,0,0,0,0,0,1,1,0,0,0,1,0,0,1
3.9,44387,75701.06,10,13,0,0,0,0,1,0,0,0,0,0,1,0,1,0,1
1.1,278652,77681.51,7,16,0,0,0,0,0,0,1,0,0,1,0,0,1,0,1
4.9,109249,20062.82,8,12,0,0,0,1,0,0,0,0,0,1,0,0,1,1,0
2.5,1919,61313.37,17,21,0,0,0,0,0,1,0,1,0,0,0,1,0,1,0
1.2,140689,90138.79,9,1,0,0,0,0,0,0,1,0,0,1,0,1,0,1,0
3.9,33298,15334.73,21,14,0,0,1,0,0,0,0,0,0,1,0,1,0,0,1
3.0,237225,49926.83,2,5,1,0,0,0,0,0,0,0,0,1,0,1,0,0,1
5.9,233725,76283.55,13,7,0,0,0,1,0,0,0,1,0,0,0,0,1,1,0
3.7,276600,63091.68,19,14,0,0,0,0,0,1,0,0,0,1,0,1,0,1,0
2.4,109599,14555.64,7,4,0,0,0,0,0,0,1,0,0,1,0,0,1,0,1
4.5,83721,42677.58,16,21,0,0,0,0,1,0,0,0,0,0,1,1,0,1,0
2.4,286384,53187.75,11,7,0,0,1,0,0,0,0,0,0,0,1,1,0,0,1
5.5,271372,99605.33,14,24,0,0,1,0,0,0,0,1,0,0,0,1,0,1,0
2.9,283830,21967.75,7,18,0,0,0,0,0,0,1,0,1,0,0,1,0,1,0
3.7,11920,98330.26,24,19,1,0,0,0,0,0,0,0,0,0,1,1,0,1,0
1.3,7432,40734.23,7,10,0,0,0,0,0,0,1,1,0,0,0,0,1,0,1
3.1,110507,24030.45,8,7,0,0,0,1,0,0,0,0,0,1,0,1,0,0,1
5.2,224647,44340.36,9,1,0,0,0,0,0,0,1,0,0,1,0,1,0,1,0
5.0,164982,63329.54,14,14,0,0,1,0,0,0,0,1,0,0,0,1,0,1,0
2.1,121764,25282.25,19,5,0,0,0,0,0,1,0,0,0,1,0,1,0,0,1
2.1,161298,32686.71,25,1,0,0,0,0,0,0,1,0,0,1,0,0,1,0,1
5.1,204222,86181.92,24,10,1,0,0,0,0,0,0,0,1,0,0,1,0,0,1
5.7,112557,99905.9,18,9,0,0,0,0,0,1,0,0,0,1,0,0,1,1,0
1.5,18013,35226.41,5,18,0,0,0,0,1,0,0,0,0,0,1,1,0,0,1
3.3,21446,19141.4,0,4,0,1,0,0,0,0,0,0,0,1,0,0,1,1,0
2.7,201447,80351.23,9,15,0,0,0,0,0,0,1,1,0,0,0,0,1,0,1
5.4,102261,62043.29,23,13,1,0,0,0,0,0,0,0,1,0,0,0,1,1,0
1.4,262701,14538.11,19,1,0,0,0,0,0,1,0,0,0,1,0,0,1,1,0
2.1,168461,94943.29,24,11,1,0,0,0,0,0,0,1,0,0,0,0,1,0,1
4.8,178772,12414.71,16,20,0,0,0,0,1,0,0,0,0,0,1,1,0,1,0
1.3,130878,64408.86,11,4,0,0,1,0,0,0,0,0,0,1,0,0,1,1,0
3.5,99143,45274.04,2,7,1,0,0,0,0,0,0,0,1,0,0,1,0,1,0
3.2,24578,57879.27,17,20,0,0,0,0,0,1,0,0,0,1,0,0,1,1,0
2.7,74779,25255.35,3,22,1,0,0,0,0,0,0,1,0,0,0,0,1,1,0
3.0,140668,70370.49,2,2,1,0,0,0,0,0,0,0,1,0,0,1,0,1,0
3.6,72534,96173.37,24,20,1,0,0,0,0,0,0,0,0,1,0,0,1,1,0
1.8,272273,48550.46,6,1,0,0,0,1,0,0,0,0,0,0,1,0,1,0,1
3.9,197118,54681.04,6,8,0,0,0,1,0,0,0,0,1,0,0,0,1,1,0
5.0,273740,27782.11,12,6,0,0,1,0,0,0,0,0,0,0,1,0,1,1,0
4.8,65355,89727.46,25,6,0,0,0,0,0,0,1,1,0,0,0,1,0,0,1
1.8,12974,97261.57,23,4,1,0,0,0,0,0,0,0,0,1,0,0,1,0,1
1.7,197745,79698.2,5,13,0,0,0,0,1,0,0,0,0,0,1,0,1,1,0
2.3,251366,56563.48,25,16,0,0,0,0,0,0,1,1,0,0,0,1,0,1,0
2.8,74442,95895.7,15,24,0,0,0,0,1,0,0,0,0,1,0,1,0,1,0
3.0,152890,19615.76,22,7,0,0,0,0,0,0,1,1,0,0,0,0,1,0,1
4.4,55598,50456.63,14,4,0,0,1,0,0,0,0,0,0,0,1,0,1,1,0
1.3,133726,56072.54,3,21,1,0,0,0,0,0,0,1,0,0,0,1,0,1,0
1.2,33758,51732.06,24,15,1,0,0,0,0,0,0,0,1,0,0,0,1,0,1
3.0,286348,81229.74,1,18,0,1,0,0,0,0,0,0,0,1,0,1,0,1,0
4.5,127309,68688.27,5,3,0,0,0,0,1,0,0,1,0,0,0,0,1,0,1
2.0,166000,17032.55,25,2,0,0,0,0,0,0,1,0,0,0,1,1,0,1,0
4.2,184681,37912.87,7,24,0,0,0,0,0,0,1,0,0,1,0,1,0,0,1
2.3,30552,37212.3,8,8,0,0,0,1,0,0,0,0,1,0,0,1,0,0,1
5.4,147278,58735.06,26,1,0,1,0,0,0,0,0,0,0,1,0,0,1,0,1
5.5,34831,32688.55,20,23,0,0,0,0,0,1,0,0,1,0,0,0,1,0,1
2.5,43563,16140.82,20,14,0,0,0,0,0,1,0,0,0,1,0,0,1,1,0
2.1,18361,67099.85,8,16,0,0,0,1,0,0,0,1,0,0,0,0,1,1,0
3.1,74469,85848.51,6,18,0,0,0,1,0,0,0,1,0,0,0,1,0,1,0
2.2,25816,93502.77,13,3,0,0,0,1,0,0,0,0,0,0,1,1,0,0,1
4.4,257422,97394.95,10,8,0,0,0,0,1,0,0,0,1,0,0,1,0,0,1
5.1,146691,79206.1,16,8,0,0,0,0,1,0,0,0,0,0,1,0,1,1,0
4.4,234295,18271.73,14,23,0,0,1,0,0,0,0,1,0,0,0,0,1,1,0
5.1,92479,86045.62,11,19,0,0,1,0,0,0,0,0,1,0,0,0,1,1,0
3.0,26819,42996.21,6,11,0,0,0,1,0,0,0,0,0,0,1,1,0,1,0
1.8,8798,74341.57,1,19,0,1,0,0,0,0,0,0,0,0,1,0,1,1,0
4.7,156215,55470.46,25,23,0,0,0,0,0,0,1,0,0,0,1,0,1,1,0
2.8,243942,83717.58,16,24,0,0,0,0,1,0,0,0,0,0,1,1,0,0,1
4.4,230259,45423.04,1,15,0,1,0,0,0,0,0,0,0,0,1,1,0,0,1
2.4,129544,10870.41,23,4,1,0,0,0,0,0,0,0,1,0,0,0,1,1,0
1.4,152254,57898.25,15,20,0,0,0,0,1,0,0,0,0,0,1,1,0,1,0
6.0,253800,21272.6,5,23,0,0,0,0,1,0,0,0,1,0,0,0,1,0,1
1.8,9415,96724.18,14,3,0,0,1,0,0,0,0,0,0,0,1,1,0,1,0
5.9,87638,55061.49,7,9,0,0,0,0,0,0,1,1,0,0,0,1,0,1,0
5.9,18452,57588.09,25,23,0,0,0,0,0,0,1,1,0,0,0,1,0,0,1
5.0,195457,91190.24,20,15,0,0,0,0,0,1,0,0,0,0,1,0,1,1,0
4.3,110205,64335.6,20,23,0,0,0,0,0,1,0,0,0,1,0,0,1,1,0
3.9,18170,33759.29,17,9,0,0,0,0,0,1,0,1,0,0,0,0,1,1,0
5.3,16259,33128.99,20,9,0,0,0,0,0,1,0,0,1,0,0,1,0,1,0
2.4,284243,52649.97,23,6,1,0,0,0,0,0,0,0,0,0,1,1,0,0,1
3.3,140721,87327.78,3,18,1,0,0,0,0,0,0,0,1,0,0,1,0,1,0
4.1,129394,80499.29,15,3,0,0,0,0,1,0,0,0,0,1,0,1,0,0,1
3.1,172109,96460.36,13,13,0,0,0,1,0,0,0,0,0,0,1,0,1,0,1
3.1,273949,11829.18,14,1,0,0,1,0,0,0,0,1,0,0,0,0,1,1,0
2.7,254599,30490.98,14,10,0,0,1,0,0,0,0,0,1,0,0,0,1,1,0
3.8,43147,12619.73,18,17,0,0,0,0,0,1,0,1,0,0,0,1,0,0,1
5.3,74280,76352.52,5,19,0,0,0,0,1,0,0,1,0,0,0,1,0,0,1
2.0,177125,18379.2,26,15,0,1,0,0,0,0,0,0,0,0,1,0,1,0,1
5.7,97841,14489.2,13,22,0,0,0,1,0,0,0,0,1,0,0,1,0,1,0
4.4,124726,58358.86,10,6,0,0,0,0,1,0,0,0,0,1,0,0,1,0,1
5.1,76215,44091.05,13,8,0,0,0,1,0,0,0,1,0,0,0,1,0,1,0
3.8,112909,72934.63,13,18,0,0,0,1,0,0,0,0,0,0,1,1,0,1,0
4.9,273129,51266.46,13,4,0,0,0,1,0,0,0,0,0,0,1,0,1,1,0
1.1,274535,45406.79,5,5,0,0,0,0,1,0,0,0,0,1,0,0,1,0,1
5.1,4861,45422.54,18,21,0,0,0,0,0,1,0,0,0,0,1,1,0,0,1
1.2,261968,87828.26,11,11,0,0,1,0,0,0,0,1,0,0,0,0,1,1,0
5.4,183000,42546.44,12,5,0,0,1,0,0,0,0,0,0,0,1,0,1,1,0
6.0,296508,36672.73,19,3,0,0,0,0,0,1,0,0,1,0,0,1,0,1,0
2.5,249072,37160.83,6,10,0,0,0,1,0,0,0,0,1,0,0,1,0,1,0
2.1,224402,23677.08,1,1,0,1,0,0,0,0,0,1,0,0,0,1,0,1,0
4.8,42923,86765.44,25,17,0,0,0,0,0,0,1,0,1,0,0,0,1,1,0
2.3,186968,18929.93,10,4,0,0,0,0,1,0,0,0,0,1,0,1,0,0,1
5.3,165912,91318.02,9,10,0,0,0,0,0,0,1,0,0,0,1,1,0,1,0
1.5,173327,31929.43,20,3,0,0,0,0,0,1,0,1,0,0,0,1,0,0,1
1.6,128165,90445.55,26,5,0,1,0,0,0,0,0,0,0,1,0,1,0,1,0
5.9,230314,80127.96,15,11,0,0,0,0,1,0,0,0,0,0,1,1,0,1,0
4.4,295673,60288.81,18,16,0,0,0,0,0,1,0,0,0,1,0,0,1,1,0
5.2,144013,68599.65,4,17,0,0,0,1,0,0,0,1,0,0,0,1,0,1,0
2.6,1669,35955.19,12,8,0,0,1,0,0,0,0,1,0,0,0,1,0,1,0
4.4,216854,59551.72,25,23,0,0,0,0,0,0,1,0,0,1,0,0,1,1,0
4.0,55786,32778.28,3,1,1,0,0,0,0,0,0,0,0,0,1,1,0,1,0
4.0,182155,43215.92,24,22,1,0,0,0,0,0,0,0,1,0,0,1,0,1,0
4.4,20323,77642.94,27,17,0,1,0,0,0,0,0,0,1,0,0,0,1,1,0
3.9,230502,28173.59,6,13,0,0,0,1,0,0,0,0,0,1,0,1,0,1,0
3.1,257249,84690.37,22,24,0,0,0,0,0,0,1,1,0,0,0,0,1,0,1
2.4,6021,40708.87,6,15,0,0,0,1,0,0,0,0,0,0,1,1,0,1,0
4.8,113415,55556.15,9,5,0,0,0,0,0,0,1,0,0,0,1,0,1,1,0
2.1,270855,94486.25,26,22,0,1,0,0,0,0,0,1,0,0,0,0,1,0,1
4.5,7904,69719.28,0,19,0,1,0,0,0,0,0,0,1,0,0,1,0,0,1
2.2,64033,66332.39,3,18,1,0,0,0,0,0,0,0,0,0,1,0,1,1,0
4.1,231659,72602.73,13,5,0,0,0,1,0,0,0,0,0,1,0,0,1,0,1
4.7,120035,92220.58,16,2,0,0,0,0,1,0,0,0,1,0,0,1,0,0,1
2.1,220859,28608.8,2,7,1,0,0,0,0,0,0,0,0,1,0,1,0,1,0
1.3,186168,63257.91,8,14,0,0,0,1,0,0,0,0,1,0,0,0,1,0,1
1.7,221666,43037.42,2,6,1,0,0,0,0,0,0,1,0,0,0,1,0,0,1
4.0,231853,6126.25,15,20,0,0,0,0,1,0,0,0,0,1,0,0,1,1,0
5.2,265237,16903.59,11,6,0,0,1,0,0,0,0,0,0,1,0,0,1,0,1
1.2,287062,35874.23,12,14,0,0,1,0,0,0,0,1,0,0,0,1,0,0,1
4.7,193708,58675.0,12,1,0,0,1,0,0,0,0,0,0,1,0,1,0,0,1
2.7,189878,88740.1,12,13,0,0,1,0,0,0,0,0,1,0,0,0,1,0,1
3.4,140466,80155.84,20,15,0,0,0,0,0,1,0,0,0,0,1,1,0,1,0
5.6,124501,57566.7,25,17,0,0,0,0,0,0,1,0,0,0,1,1,0,1,0
2.7,260228,12017.69,18,1,0,0,0,0,0,1,0,1,0,0,0,0,1,1,0
3.3,92510,32161.1,19,16,0,0,0,0,0,1,0,0,1,0,0,0,1,0,1
1.1,93708,39837.32,20,21,0,0,0,0,0,1,0,0,0,1,0,0,1,1,0
1.4,97819,64063.13,12,20,0,0,1,0,0,0,0,0,0,1,0,0,1,1,0
2.3,235603,11167.74,16,4,0,0,0,0,1,0,0,0,0,0,1,0,1,0,1
1.1,36303,55368.39,1,17,0,1,0,0,0,0,0,0,0,1,0,0,1,1,0
4.2,27453,90639.13,0,2,0,1,0,0,0,0,0,0,0,0,1,1,0,0,1
3.1,199521,72016.11,9,16,0,0,0,0,0,0,1,1,0,0,0,0,1,1,0
3.7,156837,80722.3,11,10,0,0,1,0,0,0,0,0,0,1,0,1,0,1,0
1.9,222787,69759.19,12,10,0,0,1,0,0,0,0,0,1,0,0,1,0,1,0
2.5,38057,24625.97,12,9,0,0,1,0,0,0,0,0,0,1,0,0,1,1,0
4.3,189060,15495.96,3,11,1,0,0,0,0,0,0,0,0,0,1,1,0,1,0
5.8,94655,83801.61,4,17,0,0,0,1,0,0,0,1,0,0,0,0,1,1,0
1.3,277169,71072.92,3,7,1,0,0,0,0,0,0,0,0,0,1,1,0,1,0
5.5,269289,59630.85,4,15,0,0,0,1,0,0,0,0,0,1,0,0,1,1,0
3.9,101206,22981.87,14,5,0,0,1,0,0,0,0,0,0,0,1,0,1,0,1
3.8,186869,62317.77,11,19,0,0,1,0,0,0,0,0,0,0,1,0,1,1,0
3.5,73230,7975.57,24,13,1,0,0,0,0,0,0,1,0,0,0,0,1,0,1
1.3,155002,16289.72,23,23,1,0,0,0,0,0,0,0,1,0,0,1,0,0,1
1.4,108138,34629.56,4,18,0,0,0,1,0,0,0,0,0,1,0,1,0,1,0
4.0,207097,47155.14,26,9,0,1,0,0,0,0,0,1,0,0,0,1,0,0,1
2.7,212376,16453.63,8,22,0,0,0,1,0,0,0,0,1,0,0,1,0,1,0
5.6,62040,16394.32,3,12,1,0,0,0,0,0,0,0,0,0,1,1,0,0,1
3.0,108668,73959.9,10,22,0,0,0,0,1,0,0,0,1,0,0,0,1,1,0
1.7,198768,59123.34,3,7,1,0,0,0,0,0,0,0,0,0,1,0,1,1,0
4.6,56815,55705.49,10,14,0,0,0,0,1,0,0,0,0,0,1,0,1,1,0
2.5,216741,47981.28,9,17,0,0,0,0,0,0,1,1,0,0,0,0,1,0,1
3.6,112789,97771.6,2,19,1,0,0,0,0,0,0,0,0,0,1,0,1,1,0
4.5,219478,9731.03,22,24,0,0,0,0,0,0,1,1,0,0,0,1,0,1,0
5.5,167644,22159.58,27,24,0,1,0,0,0,0,0,0,1,0,0,0,1,0,1
5.0,185102,66513.24,4,2,0,0,0,1,0,0,0,0,1,0,0,0,1,1,0
4.4,244533,17954.74,10,17,0,0,0,0,1,0,0,0,0,0,1,1,0,1,0
4.4,237469,60991.19,13,20,0,0,0,1,0,0,0,1,0,0,0,1,0,0,1
5.7,233308,58937.32,7,9,0,0,0,0,0,0,1,0,0,0,1,0,1,1,0
2.5,160275,97245.49,5,14,0,0,0,0,1,0,0,1,0,0,0,0,1,1,0
1.0,77088,88921.72,6,20,0,0,0,1,0,0,0,1,0,0,0,1,0,0,1
2.4,5608,94827.57,24,21,1,0,0,0,0,0,0,1,0,0,0,0,1,1,0
2.1,45667,15792.23,11,19,0,0,1,0,0,0,0,0,1,0,0,0,1,1,0
4.3,55547,87474.1,25,11,0,0,0,0,0,0,1,1,0,0,0,0,1,1,0
4.2,234907,17263.61,6,3,0,0,0,1,0,0,0,0,1,0,0,1,0,1,0
4.0,57560,65128.56,22,6,0,0,0,0,0,0,1,1,0,0,0,0,1,0,1
1.1,214601,73407.43,19,16,0,0,0,0,0,1,0,0,1,0,0,0,1,1,0
4.6,159487,20281.08,25,13,0,0,0,0,0,0,1,0,0,1,0,1,0,1,0
2.6,184286,65102.64,5,14,0,0,0,0,1,0,0,0,1,0,0,1,0,1,0
4.3,280141,9983.75,20,11,0,0,0,0,0,1,0,0,1,0,0,1,0,1,0
3.8,121266,32860.28,16,2,0,0,0,0,1,0,0,0,0,0,1,0,1,1,0
2.7,3679,92510.06,11,9,0,0,1,0,0,0,0,1,0,0,0,1,0,1,0
1.7,40308,21314.46,18,24,0,0,0,0,0,1,0,0,0,1,0,0,1,1,0
1.5,206096,11200.65,24,12,1,0,0,0,0,0,0,0,0,0,1,1,0,0,1
5.2,170914,47149.43,25,2,0,0,0,0,0,0,1,1,0,0,0,0,1,0,1
5.6,5695,85808.73,8,4,0,0,0,1,0,0,0,0,0,1,0,1,0,0,1
4.2,226812,12283.88,26,4,0,1,0,0,0,0,0,0,0,1,0,0,1,0,1
1.5,58499,38775.86,7,12,0,0,0,0,0,0,1,0,0,1,0,0,1,0,1
3.0,23382,90478.61,9,23,0,0,0,0,0,0,1,1,0,0,0,1,0,0,1
4.6,276379,16224.78,12,21,0,0,1,0,0,0,0,0,0,1,0,1,0,1,0
4.9,193295,34513.51,3,19,1,0,0,0,0,0,0,0,0,1,0,0,1,1,0
1.6,133438,78949.96,0,2,0,1,0,0,0,0,0,0,0,0,1,1,0,1,0
1.0,158539,56605.04,17,20,0,0,0,0,0,1,0,0,1,0,0,0,1,0,1
4.6,6764,84071.65,20,22,0,0,0,0,0,1,0,1,0,0,0,1,0,1,0
2.8,221968,15601.56,20,24,0,0,0,0,0,1,0,0,1,0,0,1,0,1,0
2.3,113831,92452.65,10,21,0,0,0,0,1,0,0,0,0,0,1,0,1,0,1
1.1,61836,93816.62,5,5,0,0,0,0,1,0,0,0,1,0,0,1,0,0,1
3.7,294067,19754.74,13,23,0,0,0,1,0,0,0,0,0,1,0,1,0,0,1
5.3,255033,8218.17,0,20,0,1,0,0,0,0,0,0,0,1,0,0,1,0,1
5.8,16292,99034.93,17,22,0,0,0,0,0,1,0,1,0,0,0,0,1,0,1
3.8,283083,50813.9,16,16,0,0,0,0,1,0,0,1,0,0,0,1,0,0,1
3.6,243772,59347.16,13,5,0,0,0,1,0,0,0,1,0,0,0,0,1,1,0
1.4,18800,63510.95,2,19,1,0,0,0,0,0,0,0,0,0,1,1,0,0,1
3.7,56440,80018.5,4,7,0,0,0,1,0,0,0,1,0,0,0,1,0,0,1
2.9,127521,82138.86,15,19,0,0,0,0,1,0,0,0,0,0,1,0,1,1,0
4.0,121327,23422.9,21,6,0,0,1,0,0,0,0,0,0,1,0,0,1,1,0
2.9,49648,27480.49,12,13,0,0,1,0,0,0,0,0,1,0,0,0,1,0,1
2.2,291908,88299.14,19,14,0,0,0,0,0,1,0,0,0,1,0,0,1,1,0
1.5,294614,82854.17,21,23,0,0,1,0,0,0,0,0,0,1,0,0,1,1,0
2.6,256160,63673.84,18,10,0,0,0,0,0,1,0,0,0,1,0,0,1,1,0
1.5,169573,99496.42,18,13,0,0,0,0,0,1,0,1,0,0,0,1,0,0,1
1.9,57207,74842.47,15,13,0,0,0,0,1,0,0,1,0,0,0,1,0,0,1
5.9,62157,25504.49,14,16,0,0,1,0,0,0,0,1,0,0,0,0,1,0,1
3.2,134288,85431.19,18,4,0,0,0,0,0,1,0,0,1,0,0,1,0,1,0
3.7,153144,44399.6,1,1,0,1,0,0,0,0,0,1,0,0,0,1,0,0,1
5.4,93778,8434.5,24,23,1,0,0,0,0,0,0,0,0,0,1,1,0,0,1
6.0,130016,35535.02,13,3,0,0,0,1,0,0,0,0,0,1,0,1,0,0,1
3.9,124288,77537.37,13,22,0,0,0,1,0,0,0,0,1,0,0,0,1,0,1
5.1,168204,96219.59,16,13,0,0,0,0,1,0,0,0,1,0,0,1,0,1,0
2.6,110573,31232.96,21,9,0,0,1,0,0,0,0,0,1,0,0,1,0,1,0
2.5,120730,28419.05,11,4,0,0,1,0,0,0,0,0,1,0,0,0,1,1,0
3.0,64186,58543.58,20,1,0,0,0,0,0,1,0,0,1,0,0,0,1,0,1
4.4,267104,82109.97,7,24,0,0,0,0,0,0,1,0,0,0,1,0,1,0,1
4.4,18781,75919.94,17,4,0,0,0,0,0,1,0,0,0,1,0,0,1,1,0
2.6,237677,58196.1,2,22,1,0,0,0,0,0,0,0,1,0,0,1,0,1,0
1.7,257506,64982.02,27,5,0,1,0,0,0,0,0,0,0,1,0,0,1,1,0
4.2,31126,27999.4,6,23,0,0,0,1,0,0,0,1,0,0,0,1,0,0,1
1.6,238217,46094.56,19,16,0,0,0,0,0,1,0,0,1,0,0,1,0,1,0
3.9,280027,29259.73,7,6,0,0,0,0,0,0,1,0,1,0,0,0,1,1,0
4.5,29782,89019.71,7,10,0,0,0,0,0,0,1,0,0,1,0,0,1,1,0
4.5,148051,15692.68,19,7,0,0,0,0,0,1,0,0,1,0,0,0,1,0,1
4.8,295890,69575.35,10,14,0,0,0,0,1,0,0,0,1,0,0,0,1,1,0
5.4,261161,29726.9,8,2,0,0,0,1,0,0,0,0,1,0,0,0,1,1,0
3.5,66266,50179.85,15,9,0,0,0,0,1,0,0,0,0,0,1,0,1,1,0
4.7,56,33444.21,26,3,0,1,0,0,0,0,0,0,0,0,1,1,0,1,0
4.1,293601,35708.31,22,8,0,0,0,0,0,0,1,0,1,0,0,1,0,1,0
1.9,132773,29737.34,22,20,0,0,0,0,0,0,1,0,0,0,1,1,0,1,0
1.1,187453,76515.33,2,13,1,0,0,0,0,0,0,1,0,0,0,1,0,1,0
2.4,181510,39743.01,26,14,0,1,0,0,0,0,0,0,1,0,0,0,1,1,0
3.2,80636,74003.92,25,10,0,0,0,0,0,0,1,1,0,0,0,0,1,1,0
4.1,66483,48326.64,1,22,0,1,0,0,0,0,0,0,0,1,0,1,0,1,0
5.2,20505,56988.37,4,24,0,0,0,1,0,0,0,1,0,0,0,1,0,1,0
2.0,33525,56612.31,14,5,0,0,1,0,0,0,0,0,0,1,0,1,0,1,0
1.6,211474,97705.95,25,9,0,0,0,0,0,0,1,0,1,0,0,0,1,1,0
5.8,96008,39870.93,3,23,1,0,0,0,0,0,0,0,0,1,0,0,1,1,0
1.5,44348,24729.99,4,23,0,0,0,1,0,0,0,0,0,1,0,0,1,0,1
3.4,202259,91620.23,17,22,0,0,0,0,0,1,0,1,0,0,0,1,0,1,0
3.9,269417,21609.73,1,17,0,1,0,0,0,0,0,1,0,0,0,1,0,1,0
3.7,206641,84270.17,17,1,0,0,0,0,0,1,0,1,0,0,0,0,1,1,0
1.4,134607,19270.42,5,10,0,0,0,0,1,0,0,0,1,0,0,0,1,1,0
1.3,214096,67578.81,4,18,0,0,0,1,0,0,0,0,1,0,0,1,0,0,1
1.5,107157,19301.38,17,19,0,0,0,0,0,1,0,1,0,0,0,1,0,1,0
3.9,908,92693.15,22,16,0,0,0,0,0,0,1,0,1,0,0,0,1,1,0
3.7,252299,58675.79,27,5,0,1,0,0,0,0,0,0,1,0,0,1,0,1,0
2.2,201225,36281.01,21,24,0,0,1,0,0,0,0,0,0,1,0,0,1,1,0
4.2,108352,18330.66,4,17,0,0,0,1,0,0,0,0,0,1,0,0,1,1,0
5.1,95967,40263.26,7,2,0,0,0,0,0,0,1,1,0,0,0,1,0,1,0
1.2,35079,71976.9,3,2,1,0,0,0,0,0,0,0,1,0,0,1,0,0,1
3.5,212628,41570.33,16,22,0,0,0,0,1,0,0,0,0,1,0,1,0,1,0
4.4,111889,28378.94,27,21,0,1,0,0,0,0,0,0,0,0,1,0,1,1,0
2.3,262063,59853.9,6,10,0,0,0,1,0,0,0,0,1,0,0,1,0,1,0
2.5,46105,44693.08,13,19,0,0,0,1,0,0,0,0,0,0,1,1,0,0,1
4.1,132957,20751.59,12,10,0,0,1,0,0,0,0,1,0,0,0,0,1,1,0
5.5,1049,19628.86,21,4,0,0,1,0,0,0,0,0,1,0,0,0,1,0,1
5.0,53281,72208.89,24,22,1,0,0,0,0,0,0,1,0,0,0,1,0,1,0
3.9,66697,97593.83,5,4,0,0,0,0,1,0,0,1,0,0,0,0,1,1,0
4.7,36534,27143.94,24,4,1,0,0,0,0,0,0,1,0,0,0,0,1,0,1
2.8,93034,78449.12,22,11,0,0,0,0,0,0,1,1,0,0,0,0,1,1,0
4.2,58097,13322.64,7,5,0,0,0,0,0,0,1,1,0,0,0,1,0,0,1
3.3,184885,41249.71,24,11,1,0,0,0,0,0,0,0,1,0,0,1,0,0,1
1.9,287181,53135.37,16,21,0,0,0,0,1,0,0,0,0,0,1,0,1,1,0
4.5,27278,30530.96,24,13,1,0,0,0,0,0,0,0,1,0,0,0,1,1,0
3.8,139344,55309.95,5,8,0,0,0,0,1,0,0,0,1,0,0,0,1,1,0
2.8,73277,88848.37,5,18,0,0,0,0,1,0,0,0,1,0,0,1,0,0,1
5.6,4694,94721.61,17,16,0,0,0,0,0,1,0,0,0,1,0,0,1,1,0
1.1,58150,14552.91,0,22,0,1,0,0,0,0,0,0,0,1,0,0,1,1,0
2.6,67470,30825.36,15,12,0,0,0,0,1,0,0,0,1,0,0,1,0,0,1
1.3,21556,98017.72,11,10,0,0,1,0,0,0,0,0,0,0,1,0,1,1,0
4.8,195543,30689.75,16,7,0,0,0,0,1,0,0,0,1,0,0,1,0,0,1
4.5,49086,70807.2,5,6,0,0,0,0,1,0,0,1,0,0,0,1,0,1,0
2.7,149979,29078.1,10,24,0,0,0,0,1,0,0,0,0,1,0,1,0,1,0
4.4,248399,38854.73,17,19,0,0,0,0,0,1,0,0,0,1,0,0,1,1,0
3.0,179559,23171.5,18,2,0,0,0,0,0,1,0,0,1,0,0,0,1,0,1
4.8,99468,86348.52,7,23,0,0,0,0,0,0,1,0,1,0,0,1,0,1,0
3.3,295531,88851.63,19,1,0,0,0,0,0,1,0,0,0,0,1,0,1,1,0
3.1,68602,33206.69,14,11,0,0,1,0,0,0,0,0,0,0,1,1,0,1,0
5.7,2460,83241.03,21,19,0,0,1,0,0,0,0,1,0,0,0,0,1,1,0
2.3,72356,39032.96,18,11,0,0,0,0,0,1,0,0,1,0,0,1,0,1,0
1.6,259925,14406.85,24,21,1,0,0,0,0,0,0,0,1,0,0,1,0,1,0
3.9,16191,77017.26,27,4,0,1,0,0,0,0,0,0,1,0,0,0,1,0,1
5.8,84631,61662.39,18,17,0,0,0,0,0,1,0,0,0,1,0,0,1,1,0
2.9,245702,31066.33,10,22,0,0,0,0,1,0,0,1,0,0,0,0,1,1,0
1.3,272673,29034.98,13,6,0,0,0,1,0,0,0,0,0,0,1,0,1,1,0
2.7,32175,97684.22,0,11,0,1,0,0,0,0,0,0,0,1,0,1,0,1,0
3.5,279819,86937.6,1,5,0,1,0,0,0,0,0,0,0,1,0,1,0,0,1
1.8,157048,81930.84,14,8,0,0,1,0,0,0,0,0,0,1,0,0,1,1,0
4.3,194188,17161.68,26,17,0,1,0,0,0,0,0,0,0,1,0,0,1,1,0
6.0,62821,76742.79,20,1,0,0,0,0,0,1,0,1,0,0,0,1,0,1,0
3.3,12204,25381.32,5,11,0,0,0,0,1,0,0,0,1,0,0,0,1,1,0
2.8,269538,97851.95,15,19,0,0,0,0,1,0,0,0,0,0,1,0,1,1,0
3.0,246464,9948.47,25,2,0,0,0,0,0,0,1,0,0,0,1,0,1,1,0
1.6,33593,38453.16,10,3,0,0,0,0,1,0,0,0,0,1,0,0,1,1,0
5.4,208260,45721.54,16,9,0,0,0,0,1,0,0,0,0,1,0,1,0,0,1
3.1,115064,83299.28,21,6,0,0,1,0,0,0,0,1,0,0,0,1,0,0,1
2.9,53365,77791.17,10,11,0,0,0,0,1,0,0,0,0,1,0,0,1,1,0
4.3,240644,40624.25,25,6,0,0,0,0,0,0,1,0,0,0,1,1,0,0,1
3.2,220511,58728.23,6,22,0,0,0,1,0,0,0,0,0,0,1,0,1,0,1
4.2,206971,84381.54,19,15,0,0,0,0,0,1,0,0,1,0,0,0,1,0,1
1.3,103700,6728.96,21,6,0,0,1,0,0,0,0,0,1,0,0,0,1,1,0
5.1,68247,81206.92,4,16,0,0,0,1,0,0,0,0,0,0,1,1,0,0,1
5.7,182631,94955.12,12,5,0,0,1,0,0,0,0,0,0,0,1,1,0,1,0
4.2,156270,8046.13,2,12,1,0,0,0,0,0,0,1,0,0,0,1,0,0,1
5.8,153560,9330.19,26,18,0,1,0,0,0,0,0,1,0,0,0,1,0,1,0
1.8,169587,37728.83,2,11,1,0,0,0,0,0,0,0,0,0,1,1,0,1,0
3.4,290042,13338.11,5,16,0,0,0,0,1,0,0,0,0,1,0,0,1,1,0
4.0,181142,50531.23,6,2,0,0,0,1,0,0,0,0,1,0,0,0,1,0,1
3.9,62613,74227.52,16,6,0,0,0,0,1,0,0,0,0,0,1,1,0,1,0
3.0,96707,58855.43,1,10,0,1,0,0,0,0,0,0,0,1,0,1,0,1,0
2.7,47003,23661.03,21,5,0,0,1,0,0,0,0,0,0,0,1,1,0,1,0
1.6,48478,67207.07,27,11,0,1,0,0,0,0,0,0,1,0,0,0,1,1,0
3.0,59030,70061.18,25,1,0,0,0,0,0,0,1,0,1,0,0,1,0,1,0
1.8,184133,93582.37,0,19,0,1,0,0,0,0,0,1,0,0,0,0,1,0,1
4.7,145921,18945.71,25,4,0,0,0,0,0,0,1,1,0,0,0,0,1,1,0
2.0,246160,70771.94,1,21,0,1,0,0,0,0,0,1,0,0,0,1,0,1,0
1.3,267589,91585.59,17,17,0,0,0,0,0,1,0,1,0,0,0,0,1,0,1
3.8,149112,52648.59,25,8,0,0,0,0,0,0,1,0,1,0,0,0,1,1,0
4.0,262390,39370.97,6,16,0,0,0,1,0,0,0,0,0,1,0,1,0,1,0
5.4,31153,21221.2,5,24,0,0,0,0,1,0,0,0,0,1,0,0,1,1,0
3.9,267356,87344.75,16,1,0,0,0,0,1,0,0,0,0,1,0,1,0,1,0
2.7,134411,42453.41,2,5,1,0,0,0,0,0,0,0,0,0,1,0,1,0,1
5.0,56238,92863.83,16,11,0,0,0,0,1,0,0,1,0,0,0,1,0,1,0
3.7,296751,85537.04,12,14,0,0,1,0,0,0,0,1,0,0,0,1,0,0,1
1.4,52055,40780.79,17,4,0,0,0,0,0,1,0,0,1,0,0,0,1,0,1
3.8,104509,59521.86,27,22,0,1,0,0,0,0,0,0,1,0,0,1,0,0,1
5.5,135467,7581.53,23,16,1,0,0,0,0,0,0,0,0,0,1,0,1,1,0
3.0,127378,30006.03,11,11,0,0,1,0,0,0,0,0,0,0,1,0,1,1,0
2.5,87687,72475.92,12,16,0,0,1,0,0,0,0,0,0,1,0,1,0,1,0
1.7,102652,69401.54,22,21,0,0,0,0,0,0,1,0,1,0,0,0,1,0,1
1.8,55773,38570.1,5,21,0,0,0,0,1,0,0,1,0,0,0,1,0,1,0
3.2,202668,81817.76,4,17,0,0,0,1,0,0,0,0,0,1,0,0,1,1,0
4.0,27584,27404.42,4,23,0,0,0,1,0,0,0,1,0,0,0,0,1,1,0
1.4,244901,48820.7,3,16,1,0,0,0,0,0,0,0,0,1,0,1,0,1,0
5.7,265482,49890.41,18,11,0,0,0,0,0,1,0,1,0,0,0,0,1,0,1
4.8,62601,37377.59,13,3,0,0,0,1,0,0,0,0,0,0,1,0,1,1,0
3.9,136559,95693.28,1,16,0,1,0,0,0,0,0,0,0,1,0,0,1,0,1
5.1,36282,71184.98,8,1,0,0,0,1,0,0,0,1,0,0,0,0,1,1,0
1.4,226137,56223.94,23,2,1,0,0,0,0,0,0,1,0,0,0,0,1,1,0
3.4,95798,53498.93,4,9,0,0,0,1,0,0,0,0,1,0,0,0,1,1,0
4.2,130963,20133.13,27,8,0,1,0,0,0,0,0,0,0,1,0,0,1,0,1
5.1,159876,40357.76,25,9,0,0,0,0,0,0,1,1,0,0,0,0,1,0,1
4.9,140987,68913.46,20,13,0,0,0,0,0,1,0,0,1,0,0,1,0,1,0
2.4,273302,92834.17,3,22,1,0,0,0,0,0,0,1,0,0,0,0,1,1,0
5.7,205229,82564.09,22,14,0,0,0,0,0,0,1,0,0,1,0,0,1,1,0
1.6,10547,33537.03,7,11,0,0,0,0,0,0,1,0,0,0,1,1,0,1,0
5.4,264603,46225.88,7,7,0,0,0,0,0,0,1,0,0,1,0,1,0,0,1
5.9,63146,12877.16,12,4,0,0,1,0,0,0,0,0,0,1,0,1,0,0,1
1.9,107761,14706.37,17,4,0,0,0,0,0,1,0,1,0,0,0,0,1,1,0
4.6,82970,49671.89,16,20,0,0,0,0,1,0,0,1,0,0,0,1,0,1,0
1.2,191889,55370.84,19,9,0,0,0,0,0,1,0,0,0,1,0,1,0,1,0
3.0,169319,30082.57,21,5,0,0,1,0,0,0,0,0,1,0,0,0,1,1,0
3.6,15419,66064.36,15,20,0,0,0,0,1,0,0,0,1,0,0,0,1,0,1
3.9,35577,71821.17,18,22,0,0,0,0,0,1,0,0,1,0,0,1,0,0,1
5.7,2921,33416.03,22,13,0,0,0,0,0,0,1,1,0,0,0,1,0,0,1
4.4,144535,77050.35,2,24,1,0,0,0,0,0,0,1,0,0,0,0,1,0,1
3.4,156546,24532.47,16,4,0,0,0,0,1,0,0,0,0,1,0,0,1,1,0
5.0,125534,56703.88,27,16,0,1,0,0,0,0,0,0,0,0,1,0,1,0,1
5.8,256872,81406.7,1,16,0,1,0,0,0,0,0,1,0,0,0,0,1,1,0
1.1,72828,56015.86,8,21,0,0,0,1,0,0,0,0,0,1,0,0,1,1,0
5.9,123649,91256.46,15,22,0,0,0,0,1,0,0,0,0,1,0,1,0,1,0
1.4,55152,10557.62,23,8,1,0,0,0,0,0,0,0,0,0,1,0,1,0,1
5.1,220073,60889.82,12,23,0,0,1,0,0,0,0,0,1,0,0,0,1,1,0
2.4,223393,58366.77,7,1,0,0,0,0,0,0,1,0,0,1,0,0,1,1,0
1.7,86569,67733.57,6,24,0,0,0,1,0,0,0,0,0,1,0,0,1,1,0
3.2,156844,84173.65,0,17,0,1,0,0,0,0,0,0,0,1,0,0,1,1,0
4.2,159562,73956.04,14,12,0,0,1,0,0,0,0,0,1,0,0,1,0,1,0
2.9,122537,80076.86,21,2,0,0,1,0,0,0,0,0,1,0,0,0,1,1,0
1.3,53806,32437.59,22,10,0,0,0,0,0,0,1,0,0,0,1,1,0,0,1
4.0,75992,41812.25,16,17,0,0,0,0,1,0,0,1,0,0,0,0,1,1,0
5.5,284464,64543.81,26,13,0,1,0,0,0,0,0,0,1,0,0,1,0,1,0
2.9,258852,57578.84,3,3,1,0,0,0,0,0,0,1,0,0,0,1,0,1,0
2.1,173217,96304.87,12,13,0,0,1,0,0,0,0,1,0,0,0,0,1,0,1
3.2,194760,22749.28,22,11,0,0,0,0,0,0,1,0,1,0,0,0,1,1,0
1.2,20754,38371.45,3,10,1,0,0,0,0,0,0,0,0,1,0,0,1,1,0
5.1,69837,59411.75,16,10,0,0,0,0,1,0,0,0,0,0,1,0,1,0,1
5.1,138279,87456.56,26,16,0,1,0,0,0,0,0,1,0,0,0,0,1,1,0
3.9,218811,93288.11,5,6,0,0,0,0,1,0,0,0,0,1,0,1,0,1,0
2.8,114780,36923.45,21,5,0,0,1,0,0,0,0,0,1,0,0,0,1,1,0
5.0,87081,11375.3,3,3,1,0,0,0,0,0,0,1,0,0,0,0,1,1,0
3.8,286160,45053.87,2,17,1,0,0,0,0,0,0,1,0,0,0,1,0,1,0
5.1,112099,42462.69,23,4,1,0,0,0,0,0,0,1,0,0,0,0,1,1,0
4.2,151174,98716.27,11,6,0,0,1,0,0,0,0,0,0,1,0,1,0,1,0
4.9,264068,45950.82,21,19,0,0,1,0,0,0,0,0,0,1,0,0,1,0,1
4.0,85015,34043.68,16,5,0,0,0,0,1,0,0,0,0,1,0,1,0,0,1
3.1,104987,39710.85,4,6,0,0,0,1,0,0,0,1,0,0,0,0,1,1,0
5.8,54333,42708.0,16,21,0,0,0,0,1,0,0,1,0,0,0,1,0,1,0
3.7,215530,83046.34,1,2,0,1,0,0,0,0,0,0,0,0,1,1,0,1,0
4.0,177171,12696.41,22,18,0,0,0,0,0,0,1,0,0,0,1,0,1,1,0
2.1,188418,35068.17,24,21,1,0,0,0,0,0,0,0,0,1,0,0,1,0,1
4.1,126372,96800.26,8,3,0,0,0,1,0,0,0,0,0,1,0,0,1,1,0
3.9,206553,19544.74,22,13,0,0,0,0,0,0,1,0,1,0,0,1,0,0,1
1.9,69767,75547.13,4,12,0,0,0,1,0,0,0,0,0,1,0,1,0,1,0
1.3,104332,38857.38,19,22,0,0,0,0,0,1,0,0,0,0,1,1,0,1,0
4.0,143279,60269.62,15,3,0,0,0,0,1,0,0,0,0,0,1,0,1,0,1
4.8,6336,14457.06,11,13,0,0,1,0,0,0,0,0,0,0,1,0,1,0,1
3.6,206238,34109.11,3,23,1,0,0,0,0,0,0,1,0,0,0,1,0,1,0
2.1,279400,52582.17,15,1,0,0,0,0,1,0,0,1,0,0,0,0,1,1,0
4.3,230517,27011.56,22,23,0,0,0,0,0,0,1,0,0,1,0,1,0,1,0
1.4,180889,56477.64,20,2,0,0,0,0,0,1,0,0,1,0,0,0,1,0,1
3.2,295863,25877.13,19,16,0,0,0,0,0,1,0,0,1,0,0,0,1,1,0
1.8,45704,66759.55,19,24,0,0,0,0,0,1,0,0,1,0,0,1,0,1,0
1.9,292157,90913.66,25,17,0,0,0,0,0,0,1,1,0,0,0,0,1,1,0
2.0,226884,13121.42,9,2,0,0,0,0,0,0,1,0,0,0,1,0,1,1,0
2.9,167848,25578.52,7,19,0,0,0,0,0,0,1,0,0,0,1,0,1,1,0
1.3,272204,85220.19,9,19,0,0,0,0,0,0,1,1,0,0,0,0,1,1,0
3.0,219182,64997.58,17,3,0,0,0,0,0,1,0,0,1,0,0,0,1,0,1
3.6,78563,12477.35,18,7,0,0,0,0,0,1,0,0,1,0,0,1,0,0,1
3.4,135102,51203.26,6,8,0,0,0,1,0,0,0,0,0,1,0,0,1,1,0
2.9,89779,24927.06,16,13,0,0,0,0,1,0,0,0,0,1,0,1,0,1,0
5.2,164361,23914.16,24,19,1,0,0,0,0,0,0,0,1,0,0,0,1,0,1
1.7,99704,94361.31,12,17,0,0,1,0,0,0,0,1,0,0,0,0,1,1,0
3.5,261757,77346.45,17,6,0,0,0,0,0,1,0,0,1,0,0,1,0,1,0
1.3,110234,71141.91,11,15,0,0,1,0,0,0,0,0,0,1,0,1,0,1,0
1.4,36491,27698.24,10,24,0,0,0,0,1,0,0,0,1,0,0,0,1,1,0
3.9,226621,16264.48,15,12,0,0,0,0,1,0,0,1,0,0,0,0,1,1,0
3.8,20448,87729.1,14,8,0,0,1,0,0,0,0,0,0,0,1,1,0,1,0
5.4,49294,5558.56,20,22,0,0,0,0,0,1,0,1,0,0,0,1,0,1,0
3.8,283590,41869.16,12,17,0,0,1,0,0,0,0,1,0,0,0,1,0,1,0
5.8,216461,31373.19,8,11,0,0,0,1,0,0,0,0,0,1,0,1,0,1,0
1.2,85615,59185.74,27,22,0,1,0,0,0,0,0,1,0,0,0,0,1,1,0
1.5,17101,28798.3,17,9,0,0,0,0,0,1,0,1,0,0,0,0,1,1,0
1.2,290160,34564.51,17,12,0,0,0,0,0,1,0,0,0,1,0,0,1,1,0
1.9,150004,85753.79,2,5,1,0,0,0,0,0,0,0,0,1,0,0,1,1,0
3.7,90481,62302.94,7,1,0,0,0,0,0,0,1,0,0,0,1,0,1,1,0
4.2,52802,18839.84,0,8,0,1,0,0,0,0,0,0,1,0,0,1,0,1,0
1.2,269693,74014.8,15,12,0,0,0,0,1,0,0,1,0,0,0,1,0,0,1
5.7,210005,24708.62,20,19,0,0,0,0,0,1,0,0,0,1,0,1,0,1,0
5.2,156434,46135.47,21,8,0,0,1,0,0,0,0,0,0,0,1,0,1,0,1
2.5,47842,66427.69,26,11,0,1,0,0,0,0,0,0,1,0,0,1,0,1,0
1.4,46539,30833.31,24,8,1,0,0,0,0,0,0,0,0,1,0,0,1,1,0
1.8,33717,41490.15,15,17,0,0,0,0,1,0,0,0,1,0,0,0,1,0,1
1.6,246281,74744.21,25,14,0,0,0,0,0,0,1,0,1,0,0,0,1,0,1
1.6,186272,94101.54,9,5,0,0,0,0,0,0,1,1,0,0,0,1,0,0,1
3.6,115042,55278.28,23,24,1,0,0,0,0,0,0,1,0,0,0,0,1,1,0
2.2,127922,5947.24,3,18,1,0,0,0,0,0,0,0,0,1,0,0,1,0,1
2.8,92447,37154.06,14,4,0,0,1,0,0,0,0,0,1,0,0,1,0,0,1
5.9,158693,42870.26,19,4,0,0,0,0,0,1,0,0,0,1,0,0,1,1,0
4.4,12823,37221.49,25,8,0,0,0,0,0,0,1,0,0,1,0,1,0,1,0
5.7,29986,46445.54,10,15,0,0,0,0,1,0,0,0,1,0,0,0,1,0,1
1.7,121682,65103.29,1,14,0,1,0,0,0,0,0,0,0,1,0,1,0,0,1
2.9,64325,16507.16,10,3,0,0,0,0,1,0,0,0,1,0,0,0,1,0,1
3.8,250476,30899.9,13,16,0,0,0,1,0,0,0,0,1,0,0,0,1,0,1
1.4,57771,53226.57,8,16,0,0,0,1,0,0,0,0,1,0,0,1,0,1,0
1.0,54973,34979.46,2,1,1,0,0,0,0,0,0,0,1,0,0,0,1,1,0
4.4,145762,99153.11,12,20,0,0,1,0,0,0,0,0,0,0,1,1,0,0,1
4.2,57888,45985.99,6,8,0,0,0,1,0,0,0,0,1,0,0,0,1,0,1
3.1,10956,87630.92,7,16,0,0,0,0,0,0,1,1,0,0,0,1,0,1,0
3.4,86839,90168.43,10,8,0,0,0,0,1,0,0,1,0,0,0,0,1,0,1
3.1,167605,84420.66,15,1,0,0,0,0,1,0,0,1,0,0,0,0,1,0,1
1.1,101131,9455.33,24,4,1,0,0,0,0,0,0,0,1,0,0,0,1,1,0
2.7,187973,95035.94,20,6,0,0,0,0,0,1,0,1,0,0,0,1,0,0,1
1.9,11519,17230.54,20,18,0,0,0,0,0,1,0,0,0,0,1,1,0,0,1
1.5,162187,8268.34,27,2,0,1,0,0,0,0,0,0,0,1,0,1,0,1,0
5.8,1832,44365.11,24,16,1,0,0,0,0,0,0,0,1,0,0,1,0,1,0
4.0,113922,23490.23,27,18,0,1,0,0,0,0,0,1,0,0,0,1,0,0,1
4.6,105474,22498.67,18,12,0,0,0,0,0,1,0,0,0,0,1,0,1,0,1
2.6,69715,32342.86,24,14,1,0,0,0,0,0,0,0,0,1,0,0,1,1,0
3.0,73366,28598.53,24,11,1,0,0,0,0,0,0,0,0,0,1,0,1,1,0
2.2,37570,70055.56,24,6,1,0,0,0,0,0,0,1,0,0,0,0,1,1,0
1.5,137687,22743.84,18,14,0,0,0,0,0,1,0,0,0,0,1,0,1,0,1
1.9,38311,56596.24,0,12,0,1,0,0,0,0,0,0,0,1,0,1,0,1,0
5.0,103187,98710.52,27,11,0,1,0,0,0,0,0,1,0,0,0,0,1,1,0
4.4,285578,46076.33,23,12,1,0,0,0,0,0,0,0,0,1,0,1,0,0,1
3.7,86879,65977.95,13,24,0,0,0,1,0,0,0,0,0,0,1,0,1,1,0
3.4,15739,97090.31,14,17,0,0,1,0,0,0,0,0,1,0,0,1,0,1,0
5.6,66202,18075.7,20,13,0,0,0,0,0,1,0,0,1,0,0,1,0,1,0
1.4,98580,44767.67,21,6,0,0,1,0,0,0,0,0,1,0,0,1,0,1,0
2.4,224491,85768.28,21,13,0,0,1,0,0,0,0,0,1,0,0,0,1,1,0
2.7,79599,93569.04,27,17,0,1,0,0,0,0,0,0,0,1,0,0,1,1,0
4.9,164721,62117.43,27,17,0,1,0,0,0,0,0,0,1,0,0,0,1,0,1
6.0,231436,18624.96,4,4,0,0,0,1,0,0,0,0,0,1,0,0,1,1,0
2.2,116770,90639.8,14,12,0,0,1,0,0,0,0,1,0,0,0,1,0,1,0
5.4,179693,21572.42,12,13,0,0,1,0,0,0,0,0,1,0,0,1,0,1,0
5.2,261051,38523.4,2,9,1,0,0,0,0,0,0,0,0,1,0,1,0,1,0
2.1,114300,40673.26,1,24,0,1,0,0,0,0,0,0,1,0,0,1,0,1,0
3.0,191012,47492.7,21,12,0,0,1,0,0,0,0,0,1,0,0,0,1,1,0
3.0,171796,80065.75,16,18,0,0,0,0,1,0,0,0,1,0,0,1,0,0,1
5.9,162776,81203.72,13,20,0,0,0,1,0,0,0,0,0,1,0,0,1,1,0
1.9,241942,73367.23,15,17,0,0,0,0,1,0,0,0,0,0,1,1,0,1,0
5.0,2526,7102.22,15,11,0,0,0,0,1,0,0,0,1,0,0,1,0,1,0
2.7,268718,58660.28,17,2,0,0,0,0,0,1,0,0,1,0,0,1,0,1,0
4.7,270877,76011.83,20,12,0,0,0,0,0,1,0,1,0,0,0,0,1,0,1
3.1,36051,47239.4,6,10,0,0,0,1,0,0,0,0,0,0,1,0,1,1,0
3.9,15909,94768.92,15,2,0,0,0,0,1,0,0,0,0,1,0,1,0,0,1
5.2,77338,83262.0,14,8,0,0,1,0,0,0,0,1,0,0,0,1,0,0,1
5.0,290277,65624.73,0,10,0,1,0,0,0,0,0,0,1,0,0,1,0,0,1
5.3,182643,10930.39,6,5,0,0,0,1,0,0,0,1,0,0,0,0,1,0,1
1.3,79062,66972.89,23,7,1,0,0,0,0,0,0,1,0,0,0,0,1,1,0
4.5,181980,91600.06,5,7,0,0,0,0,1,0,0,0,1,0,0,0,1,1,0
1.7,51458,41047.31,8,23,0,0,0,1,0,0,0,0,0,0,1,1,0,1,0
3.1,222159,84622.59,22,21,0,0,0,0,0,0,1,0,0,0,1,0,1,1,0
3.7,287442,34750.31,9,24,0,0,0,0,0,0,1,1,0,0,0,1,0,1,0
3.0,231946,59159.81,19,21,0,0,0,0,0,1,0,0,1,0,0,0,1,0,1
3.6,153263,66600.32,26,7,0,1,0,0,0,0,0,0,0,1,0,1,0,1,0
6.0,164164,69409.53,14,20,0,0,1,0,0,0,0,1,0,0,0,1,0,1,0
1.7,89407,88842.18,0,6,0,1,0,0,0,0,0,0,0,1,0,0,1,1,0
4.4,206329,27289.12,26,10,0,1,0,0,0,0,0,1,0,0,0,1,0,1,0
3.0,62513,29925.11,27,17,0,1,0,0,0,0,0,1,0,0,0,1,0,0,1
1.7,145476,71883.89,1,5,0,1,0,0,0,0,0,0,1,0,0,1,0,0,1
1.8,35198,21833.41,24,8,1,0,0,0,0,0,0,0,1,0,0,0,1,0,1
5.7,225295,49105.69,23,24,1,0,0,0,0,0,0,0,0,1,0,1,0,0,1
5.4,264323,6903.27,20,13,0,0,0,0,0,1,0,0,0,1,0,0,1,1,0
5.5,2019,18393.04,8,6,0,0,0,1,0,0,0,0,0,0,1,0,1,1,0
6.0,81455,69490.41,9,10,0,0,0,0,0,0,1,0,1,0,0,1,0,1,0
2.0,216311,76008.85,0,16,0,1,0,0,0,0,0,1,0,0,0,0,1,0,1
2.8,149776,15955.31,18,18,0,0,0,0,0,1,0,1,0,0,0,1,0,1,0
4.3,149102,26632.41,4,23,0,0,0,1,0,0,0,0,0,0,1,0,1,1,0
3.4,3420,14395.92,9,16,0,0,0,0,0,0,1,0,1,0,0,1,0,1,0
3.1,178725,46174.22,5,15,0,0,0,0,1,0,0,1,0,0,0,0,1,0,1
2.8,16740,16981.03,21,23,0,0,1,0,0,0,0,0,0,0,1,1,0,1,0
4.0,105789,46543.12,24,6,1,0,0,0,0,0,0,0,0,0,1,1,0,1,0
3.9,19465,74549.33,10,14,0,0,0,0,1,0,0,1,0,0,0,1,0,1,0
1.8,4131,69921.92,9,12,0,0,0,0,0,0,1,1,0,0,0,1,0,1,0
3.4,10652,31643.75,10,15,0,0,0,0,1,0,0,0,0,1,0,0,1,1,0
3.8,218115,69007.44,12,11,0,0,1,0,0,0,0,0,1,0,0,0,1,0,1
3.9,245289,93132.65,20,7,0,0,0,0,0,1,0,0,0,1,0,1,0,0,1
2.1,89342,38014.82,9,6,0,0,0,0,0,0,1,0,0,0,1,0,1,1,0
4.7,281315,36266.32,5,3,0,0,0,0,1,0,0,1,0,0,0,1,0,1,0
1.1,217201,59286.67,2,16,1,0,0,0,0,0,0,0,0,1,0,1,0,0,1
2.8,259820,28322.67,3,18,1,0,0,0,0,0,0,0,0,0,1,0,1,0,1
4.9,186764,66900.0,4,22,0,0,0,1,0,0,0,0,1,0,0,0,1,0,1
3.8,58541,84064.87,5,5,0,0,0,0,1,0,0,1,0,0,0,1,0,1,0
2.3,9470,48635.26,26,19,0,1,0,0,0,0,0,0,0,1,0,0,1,1,0
4.5,192416,69553.2,10,4,0,0,0,0,1,0,0,0,1,0,0,1,0,0,1
3.8,44308,66929.12,17,23,0,0,0,0,0,1,0,0,0,1,0,0,1,0,1
5.0,135669,8673.23,7,19,0,0,0,0,0,0,1,0,0,0,1,0,1,0,1
4.7,102840,22424.55,9,22,0,0,0,0,0,0,1,0,1,0,0,0,1,1,0
4.1,161860,89885.35,18,9,0,0,0,0,0,1,0,0,0,1,0,0,1,1,0
3.4,49477,94194.75,16,17,0,0,0,0,1,0,0,0,1,0,0,0,1,1,0
1.7,108261,79141.77,20,23,0,0,0,0,0,1,0,0,0,0,1,1,0,0,1
2.3,102466,92518.57,14,8,0,0,1,0,0,0,0,0,1,0,0,0,1,1,0
3.1,295215,34084.12,18,16,0,0,0,0,0,1,0,0,0,1,0,0,1,1,0
4.0,70560,28532.54,3,13,1,0,0,0,0,0,0,0,0,0,1,1,0,1,0
3.6,255392,41508.52,20,22,0,0,0,0,0,1,0,1,0,0,0,1,0,1,0
2.4,261278,10257.49,22,14,0,0,0,0,0,0,1,0,0,1,0,1,0,0,1
1.0,166471,81937.8,2,24,1,0,0,0,0,0,0,0,0,1,0,0,1,1,0
3.5,244413,98496.67,25,2,0,0,0,0,0,0,1,0,0,0,1,0,1,0,1
2.4,188511,83282.78,4,12,0,0,0,1,0,0,0,0,0,0,1,1,0,1,0
4.7,2369,57722.66,27,10,0,1,0,0,0,0,0,1,0,0,0,1,0,1,0
1.1,228629,33051.79,22,20,0,0,0,0,0,0,1,0,0,1,0,1,0,0,1
3.9,262672,23781.3,23,4,1,0,0,0,0,0,0,0,0,0,1,1,0,1,0
5.7,108806,39585.97,6,8,0,0,0,1,0,0,0,1,0,0,0,0,1,0,1
1.9,161386,68362.11,7,2,0,0,0,0,0,0,1,1,0,0,0,0,1,0,1
3.4,102979,47470.85,11,1,0,0,1,0,0,0,0,0,0,0,1,0,1,0,1
1.5,281892,93735.68,20,19,0,0,0,0,0,1,0,0,0,1,0,0,1,1,0
4.1,35109,86150.93,0,4,0,1,0,0,0,0,0,0,1,0,0,0,1,1,0
3.8,13919,14728.06,7,3,0,0,0,0,0,0,1,0,1,0,0,1,0,0,1
3.0,211864,17494.9,13,14,0,0,0,1,0,0,0,1,0,0,0,0,1,1,0
3.6,70441,69242.72,14,7,0,0,1,0,0,0,0,0,1,0,0,1,0,1,0
5.5,66896,26923.0,10,21,0,0,0,0,1,0,0,0,1,0,0,1,0,1,0
2.0,103431,80147.84,4,22,0,0,0,1,0,0,0,0,0,0,1,1,0,1,0
1.1,47020,61179.02,20,12,0,0,0,0,0,1,0,1,0,0,0,0,1,0,1
5.3,205338,26833.9,6,2,0,0,0,1,0,0,0,0,0,1,0,1,0,1,0
3.9,284305,50475.25,14,16,0,0,1,0,0,0,0,1,0,0,0,0,1,0,1
5.5,27738,43577.25,6,4,0,0,0,1,0,0,0,0,0,0,1,1,0,0,1
4.0,134997,87950.14,12,19,0,0,1,0,0,0,0,0,1,0,0,0,1,1,0
5.1,57153,8055.44,9,13,0,0,0,0,0,0,1,0,0,1,0,1,0,1,0
3.1,214020,90105.17,12,23,0,0,1,0,0,0,0,1,0,0,0,0,1,1,0
4.7,61009,66947.85,21,22,0,0,1,0,0,0,0,0,1,0,0,1,0,1,0
5.6,172624,75066.13,1,22,0,1,0,0,0,0,0,1,0,0,0,1,0,1,0
3.9,271941,5247.71,21,13,0,0,1,0,0,0,0,0,0,1,0,1,0,1,0
1.9,71942,64682.75,14,10,0,0,1,0,0,0,0,1,0,0,0,1,0,1,0
2.3,118065,60906.19,10,16,0,0,0,0,1,0,0,1,0,0,0,0,1,1,0
2.0,276109,56034.53,22,2,0,0,0,0,0,0,1,1,0,0,0,0,1,0,1
2.2,275877,79657.35,18,17,0,0,0,0,0,1,0,0,1,0,0,0,1,0,1
2.5,157998,57807.75,27,14,0,1,0,0,0,0,0,0,0,1,0,1,0,1,0
3.8,159855,86424.23,5,9,0,0,0,0,1,0,0,0,0,1,0,1,0,1,0
3.9,83360,27099.99,24,3,1,0,0,0,0,0,0,0,1,0,0,1,0,1,0
3.1,167466,81568.35,22,21,0,0,0,0,0,0,1,0,1,0,0,1,0,1,0
4.1,195868,22034.71,7,24,0,0,0,0,0,0,1,0,1,0,0,1,0,0,1
1.4,290431,82246.19,3,1,1,0,0,0,0,0,0,0,0,0,1,1,0,0,1
1.4,82104,94344.03,17,18,0,0,0,0,0,1,0,1,0,0,0,0,1,0,1
1.9,161508,36890.94,11,23,0,0,1,0,0,0,0,1,0,0,0,0,1,1,0
3.6,221404,55339.2,16,1,0,0,0,0,1,0,0,0,0,1,0,0,1,0,1
2.1,265332,67541.26,13,20,0,0,0,1,0,0,0,1,0,0,0,0,1,1,0
2.4,91205,12549.81,1,18,0,1,0,0,0,0,0,0,0,0,1,0,1,0,1
3.0,232321,51937.67,8,21,0,0,0,1,0,0,0,0,1,0,0,0,1,0,1
5.1,137837,39255.57,2,20,1,0,0,0,0,0,0,0,0,1,0,0,1,1,0
1.1,219779,87883.28,25,1,0,0,0,0,0,0,1,0,0,1,0,0,1,1,0
4.2,141879,88284.55,18,24,0,0,0,0,0,1,0,1,0,0,0,1,0,0,1
4.3,10204,71574.06,22,24,0,0,0,0,0,0,1,0,0,1,0,1,0,1,0
5.0,223674,67293.83,27,10,0,1,0,0,0,0,0,0,1,0,0,1,0,1,0
5.7,189016,74700.4,9,5,0,0,0,0,0,0,1,0,0,1,0,1,0,1,0
1.1,102903,39768.76,22,6,0,0,0,0,0,0,1,0,1,0,0,1,0,0,1
1.8,299225,43429.33,26,15,0,1,0,0,0,0,0,0,0,0,1,1,0,1,0
5.4,256687,57601.95,10,7,0,0,0,0,1,0,0,0,0,0,1,1,0,1,0
3.3,34986,94112.67,5,22,0,0,0,0,1,0,0,0,1,0,0,0,1,1,0
3.8,50304,73779.99,0,14,0,1,0,0,0,0,0,1,0,0,0,0,1,1,0
4.3,39986,57343.98,18,10,0,0,0,0,0,1,0,0,0,1,0,1,0,1,0
4.4,91594,78189.24,2,14,1,0,0,0,0,0,0,1,0,0,0,0,1,1,0
5.7,66151,40234.58,7,8,0,0,0,0,0,0,1,0,0,1,0,0,1,1,0
6.0,290358,74394.34,18,8,0,0,0,0,0,1,0,0,0,0,1,0,1,1,0
4.6,173620,44014.24,22,19,0,0,0,0,0,0,1,0,0,0,1,0,1,1,0
2.4,141753,31567.83,24,20,1,0,0,0,0,0,0,0,0,0,1,0,1,1,0
5.4,138056,62923.78,5,17,0,0,0,0,1,0,0,0,0,1,0,1,0,1,0
1.2,158651,70253.37,19,23,0,0,0,0,0,1,0,0,0,0,1,0,1,1,0
2.2,234347,48632.89,14,9,0,0,1,0,0,0,0,0,0,0,1,1,0,1,0
5.5,186005,58722.57,12,5,0,0,1,0,0,0,0,0,0,0,1,1,0,0,1
2.3,162553,70936.28,12,1,0,0,1,0,0,0,0,0,0,0,1,1,0,0,1
2.1,944,77932.45,5,13,0,0,0,0,1,0,0,1,0,0,0,0,1,1,0
1.7,93993,90079.29,16,19,0,0,0,0,1,0,0,0,0,0,1,1,0,0,1
5.3,271258,38681.7,2,24,1,0,0,0,0,0,0,0,0,0,1,1,0,1,0
3.5,214738,95390.34,7,21,0,0,0,0,0,0,1,1,0,0,0,1,0,0,1
4.4,208920,65541.58,3,8,1,0,0,0,0,0,0,1,0,0,0,1,0,1,0
2.2,256805,79831.68,2,12,1,0,0,0,0,0,0,0,0,1,0,0,1,1,0
4.8,294740,71478.06,16,7,0,0,0,0,1,0,0,0,1,0,0,1,0,1,0
4.8,104087,24529.31,14,20,0,0,1,0,0,0,0,0,0,0,1,1,0,1,0
2.6,269051,11786.65,13,1,0,0,0,1,0,0,0,0,0,0,1,1,0,1,0
3.1,255035,73997.21,9,1,0,0,0,0,0,0,1,0,0,0,1,1,0,1,0
2.0,159186,53550.0,5,22,0,0,0,0,1,0,0,0,0,1,0,0,1,0,1
5.9,287153,71710.27,11,14,0,0,1,0,0,0,0,0,0,0,1,1,0,1,0
4.2,166797,50300.07,18,12,0,0,0,0,0,1,0,0,1,0,0,1,0,1,0
5.7,281140,34662.28,8,21,0,0,0,1,0,0,0,1,0,0,0,1,0,1,0
2.5,290911,32076.7,4,11,0,0,0,1,0,0,0,0,0,1,0,1,0,1,0
4.9,278491,74400.55,16,3,0,0,0,0,1,0,0,1,0,0,0,1,0,0,1
4.8,102063,31294.11,26,14,0,1,0,0,0,0,0,0,0,0,1,1,0,0,1
4.5,24102,72894.3,22,15,0,0,0,0,0,0,1,0,0,0,1,0,1,0,1
5.8,4263,41476.21,8,6,0,0,0,1,0,0,0,0,0,0,1,1,0,0,1
3.0,67438,78235.35,16,7,0,0,0,0,1,0,0,0,1,0,0,0,1,1,0
1.7,96359,18566.94,15,19,0,0,0,0,1,0,0,0,1,0,0,0,1,1,0
4.4,130251,24473.09,21,10,0,0,1,0,0,0,0,0,0,1,0,1,0,1,0
4.6,171915,70161.6,18,4,0,0,0,0,0,1,0,1,0,0,0,0,1,1,0
3.9,27690,58221.96,26,15,0,1,0,0,0,0,0,0,0,0,1,1,0,1,0
2.0,2994,24368.44,9,20,0,0,0,0,0,0,1,0,0,0,1,0,1,1,0
3.5,103533,90768.57,23,20,1,0,0,0,0,0,0,0,0,0,1,1,0,1,0
2.6,67546,31214.69,17,15,0,0,0,0,0,1,0,0,0,0,1,0,1,1,0
3.1,26467,45001.78,19,20,0,0,0,0,0,1,0,0,1,0,0,0,1,1,0
4.2,246590,24217.35,11,22,0,0,1,0,0,0,0,1,0,0,0,1,0,0,1
4.7,131120,41862.62,13,2,0,0,0,1,0,0,0,1,0,0,0,0,1,1,0
2.2,168050,51706.44,13,19,0,0,0,1,0,0,0,0,0,1,0,0,1,1,0
3.0,73414,33048.47,21,21,0,0,1,0,0,0,0,0,1,0,0,0,1,1,0
2.3,180294,78063.9,16,7,0,0,0,0,1,0,0,0,0,0,1,0,1,1,0
2.0,48115,42423.63,13,16,0,0,0,1,0,0,0,1,0,0,0,0,1,1,0
4.9,40647,74303.45,0,8,0,1,0,0,0,0,0,1,0,0,0,1,0,1,0
5.5,54607,24671.86,9,12,0,0,0,0,0,0,1,0,1,0,0,0,1,0,1
2.9,21996,40818.37,19,10,0,0,0,0,0,1,0,0,0,1,0,0,1,1,0
4.8,83697,5765.54,18,5,0,0,0,0,0,1,0,0,0,1,0,1,0,1,0
5.5,67764,77070.57,1,8,0,1,0,0,0,0,0,0,0,0,1,1,0,1,0
5.2,239190,64459.23,6,12,0,0,0,1,0,0,0,0,0,1,0,1,0,1,0
1.9,8888,82693.22,20,9,0,0,0,0,0,1,0,1,0,0,0,0,1,1,0
5.8,219738,48283.02,2,3,1,0,0,0,0,0,0,0,0,1,0,0,1,0,1
2.9,221432,80975.36,22,21,0,0,0,0,0,0,1,0,0,0,1,0,1,1,0
2.7,279477,66520.34,22,20,0,0,0,0,0,0,1,1,0,0,0,0,1,1,0
1.3,36355,5343.23,20,20,0,0,0,0,0,1,0,0,0,1,0,1,0,1,0
3.4,230487,29100.96,11,16,0,0,1,0,0,0,0,0,0,1,0,1,0,1,0
1.5,129686,51919.68,20,8,0,0,0,0,0,1,0,0,1,0,0,0,1,0,1
2.2,162217,63775.3,12,12,0,0,1,0,0,0,0,0,0,0,1,0,1,1,0
2.6,249602,11231.13,17,23,0,0,0,0,0,1,0,0,0,1,0,0,1,0,1
5.0,249434,71982.59,24,12,1,0,0,0,0,0,0,0,1,0,0,0,1,0,1
5.4,180926,56635.93,16,3,0,0,0,0,1,0,0,1,0,0,0,1,0,1,0
2.5,67664,54949.03,22,4,0,0,0,0,0,0,1,0,1,0,0,1,0,1,0
5.3,86153,32744.33,20,2,0,0,0,0,0,1,0,0,1,0,0,0,1,1,0
5.3,93616,61508.19,3,6,1,0,0,0,0,0,0,0,0,1,0,1,0,0,1
4.8,297429,7611.82,12,22,0,0,1,0,0,0,0,0,0,1,0,0,1,1,0
1.7,256349,11146.53,12,15,0,0,1,0,0,0,0,0,0,1,0,0,1,1,0
4.5,46996,74717.66,9,23,0,0,0,0,0,0,1,0,1,0,0,1,0,1,0
5.7,128344,35579.68,1,12,0,1,0,0,0,0,0,1,0,0,0,0,1,1,0
4.4,229685,37961.87,19,6,0,0,0,0,0,1,0,0,0,0,1,1,0,1,0
2.7,128019,24796.59,6,8,0,0,0,1,0,0,0,0,1,0,0,0,1,1,0
3.5,135024,47333.97,12,4,0,0,1,0,0,0,0,0,0,1,0,1,0,1,0
4.2,183273,9939.38,10,11,0,0,0,0,1,0,0,0,0,0,1,0,1,1,0
3.6,120454,33534.51,16,13,0,0,0,0,1,0,0,1,0,0,0,1,0,1,0
1.6,124444,55076.77,12,4,0,0,1,0,0,0,0,0,0,0,1,0,1,1,0
2.6,153868,49235.03,0,13,0,1,0,0,0,0,0,0,0,1,0,0,1,1,0
5.0,162818,99968.62,0,14,0,1,0,0,0,0,0,0,1,0,0,1,0,0,1
5.3,15,41932.64,23,18,1,0,0,0,0,0,0,0,1,0,0,0,1,0,1
1.7,157029,41764.91,5,21,0,0,0,0,1,0,0,0,0,1,0,1,0,0,1
5.8,81541,52840.27,3,6,1,0,0,0,0,0,0,0,1,0,0,1,0,0,1
2.6,21292,23078.8,15,24,0,0,0,0,1,0,0,0,0,1,0,0,1,1,0
4.3,162948,88248.92,18,1,0,0,0,0,0,1,0,0,1,0,0,0,1,0,1
4.8,191799,59365.44,19,22,0,0,0,0,0,1,0,0,1,0,0,0,1,0,1
5.1,47046,23250.23,4,12,0,0,0,1,0,0,0,0,1,0,0,0,1,1,0
5.7,14817,80376.95,19,10,0,0,0,0,0,1,0,1,0,0,0,1,0,0,1
2.6,9759,8261.56,8,23,0,0,0,1,0,0,0,1,0,0,0,0,1,0,1
5.3,179504,98343.6,17,14,0,0,0,0,0,1,0,0,0,1,0,0,1,1,0
1.7,268556,87189.19,7,21,0,0,0,0,0,0,1,1,0,0,0,0,1,0,1
4.5,282648,60065.75,19,6,0,0,0,0,0,1,0,0,0,1,0,1,0,0,1
4.7,270651,15573.09,3,8,1,0,0,0,0,0,0,0,0,0,1,0,1,1,0
4.4,21050,25450.91,11,22,0,0,1,0,0,0,0,0,0,0,1,1,0,0,1
2.3,100153,31546.34,24,7,1,0,0,0,0,0,0,1,0,0,0,0,1,1,0
5.4,275731,27898.02,12,17,0,0,1,0,0,0,0,0,0,0,1,1,0,0,1
1.8,231329,52264.4,1,3,0,1,0,0,0,0,0,0,0,0,1,0,1,1,0
1.3,57732,94733.24,23,1,1,0,0,0,0,0,0,0,1,0,0,0,1,1,0
4.6,51921,47196.4,27,6,0,1,0,0,0,0,0,0,1,0,0,1,0,0,1
3.4,117734,67848.63,13,20,0,0,0,1,0,0,0,0,0,1,0,0,1,1,0
5.2,137912,70415.4,13,18,0,0,0,1,0,0,0,0,0,0,1,0,1,1,0
2.9,31440,87800.17,9,4,0,0,0,0,0,0,1,0,0,1,0,0,1,0,1
1.8,35183,8213.02,20,17,0,0,0,0,0,1,0,0,0,1,0,1,0,1,0
5.2,133461,43411.36,3,20,1,0,0,0,0,0,0,0,0,0,1,0,1,1,0
3.7,114515,79549.84,0,8,0,1,0,0,0,0,0,1,0,0,0,1,0,1,0
1.9,220533,82412.37,21,20,0,0,1,0,0,0,0,0,0,0,1,1,0,1,0
4.6,115503,93096.6,6,21,0,0,0,1,0,0,0,0,1,0,0,1,0,1,0
3.6,39023,71765.46,17,3,0,0,0,0,0,1,0,0,0,0,1,0,1,1,0
4.0,181101,28289.62,6,6,0,0,0,1,0,0,0,1,0,0,0,1,0,1,0
3.3,218031,53038.25,11,4,0,0,1,0,0,0,0,0,0,1,0,1,0,1,0
5.1,76054,8072.8,17,23,0,0,0,0,0,1,0,0,0,1,0,0,1,0,1
5.1,61742,66458.19,17,14,0,0,0,0,0,1,0,0,1,0,0,1,0,1,0
4.5,45215,57658.05,26,3,0,1,0,0,0,0,0,0,1,0,0,1,0,0,1
1.5,159245,68349.45,0,12,0,1,0,0,0,0,0,0,1,0,0,0,1,0,1
5.2,241443,93363.35,2,10,1,0,0,0,0,0,0,0,0,1,0,0,1,0,1
4.4,103591,70291.28,23,13,1,0,0,0,0,0,0,0,1,0,0,1,0,0,1
4.5,249045,35442.74,16,3,0,0,0,0,1,0,0,0,0,0,1,0,1,1,0
2.8,46229,23879.98,5,4,0,0,0,0,1,0,0,0,0,1,0,0,1,0,1
5.4,62583,86190.44,7,3,0,0,0,0,0,0,1,1,0,0,0,0,1,1,0
4.6,255931,23461.55,13,14,0,0,0,1,0,0,0,0,0,1,0,1,0,0,1
1.6,159996,20352.91,2,18,1,0,0,0,0,0,0,0,0,0,1,1,0,1,0
3.0,126011,24628.15,0,20,0,1,0,0,0,0,0,0,0,0,1,0,1,1,0
5.4,292248,53339.88,11,8,0,0,1,0,0,0,0,0,1,0,0,1,0,0,1
1.2,240660,16797.81,1,1,0,1,0,0,0,0,0,0,0,1,0,0,1,1,0
5.8,299738,94121.24,6,5,0,0,0,1,0,0,0,0,0,1,0,0,1,1,0
4.4,265808,96794.1,5,16,0,0,0,0,1,0,0,0,0,1,0,0,1,1,0
4.2,272672,97511.18,26,11,0,1,0,0,0,0,0,1,0,0,0,0,1,1,0
2.4,159262,8716.86,9,13,0,0,0,0,0,0,1,0,1,0,0,0,1,0,1
2.2,197105,94888.77,8,19,0,0,0,1,0,0,0,0,0,0,1,1,0,1,0
5.7,204249,99754.42,10,8,0,0,0,0,1,0,0,0,0,0,1,1,0,1,0
2.5,128404,94530.77,11,6,0,0,1,0,0,0,0,0,1,0,0,1,0,0,1
4.9,201664,68739.2,15,6,0,0,0,0,1,0,0,0,0,0,1,1,0,1,0
3.0,295043,71616.86,20,9,0,0,0,0,0,1,0,0,0,0,1,0,1,1,0
1.7,17241,16614.03,9,13,0,0,0,0,0,0,1,0,1,0,0,0,1,1,0
1.1,63472,88058.22,6,13,0,0,0,1,0,0,0,0,0,0,1,1,0,1,0
3.7,205320,10665.76,21,5,0,0,1,0,0,0,0,0,0,1,0,1,0,1,0
5.9,31346,35184.4,25,19,0,0,0,0,0,0,1,1,0,0,0,0,1,1,0
2.8,81196,99159.41,10,2,0,0,0,0,1,0,0,0,1,0,0,0,1,1,0
2.8,208196,45121.15,9,21,0,0,0,0,0,0,1,1,0,0,0,0,1,0,1
2.7,149014,17459.84,13,19,0,0,0,1,0,0,0,0,0,0,1,1,0,1,0
3.6,298517,97082.99,2,14,1,0,0,0,0,0,0,0,0,0,1,0,1,0,1
3.2,120623,98493.27,25,24,0,0,0,0,0,0,1,0,0,1,0,0,1,1,0
5.4,2016,22769.06,18,1,0,0,0,0,0,1,0,0,1,0,0,1,0,1,0
3.5,7274,87156.36,7,2,0,0,0,0,0,0,1,0,0,0,1,1,0,1,0
3.5,15748,42090.22,16,10,0,0,0,0,1,0,0,0,1,0,0,1,0,1,0
1.7,11826,41230.0,5,14,0,0,0,0,1,0,0,0,1,0,0,0,1,1,0
5.9,129288,29956.28,21,6,0,0,1,0,0,0,0,0,1,0,0,0,1,0,1
2.2,201081,9247.48,10,7,0,0,0,0,1,0,0,0,1,0,0,1,0,0,1
1.4,251054,30460.85,1,8,0,1,0,0,0,0,0,0,1,0,0,0,1,1,0
4.3,172507,10108.81,13,6,0,0,0,1,0,0,0,1,0,0,0,0,1,1,0
4.0,206089,92815.34,13,4,0,0,0,1,0,0,0,0,0,1,0,0,1,1,0
3.1,223023,67863.46,24,11,1,0,0,0,0,0,0,0,1,0,0,1,0,1,0
3.1,192949,89229.15,24,7,1,0,0,0,0,0,0,1,0,0,0,1,0,1,0
4.9,69072,73142.61,4,6,0,0,0,1,0,0,0,0,0,0,1,0,1,0,1
2.0,67309,17472.25,18,10,0,0,0,0,0,1,0,0,1,0,0,0,1,0,1
5.1,160966,94355.25,24,10,1,0,0,0,0,0,0,0,0,0,1,0,1,0,1
4.2,185639,90489.84,12,21,0,0,1,0,0,0,0,0,1,0,0,0,1,0,1
3.1,35326,38067.23,15,18,0,0,0,0,1,0,0,1,0,0,0,1,0,1,0
3.3,186131,15595.67,6,12,0,0,0,1,0,0,0,1,0,0,0,1,0,1,0
2.3,267223,71894.7,23,22,1,0,0,0,0,0,0,1,0,0,0,0,1,0,1
4.8,87340,74194.32,6,9,0,0,0,1,0,0,0,0,0,1,0,0,1,1,0
3.6,167364,90198.76,0,16,0,1,0,0,0,0,0,0,0,0,1,1,0,1,0
2.6,118192,10002.3,25,17,0,0,0,0,0,0,1,0,0,1,0,0,1,1,0
4.0,251749,18461.86,16,5,0,0,0,0,1,0,0,0,1,0,0,1,0,1,0
6.0,51818,61833.64,8,12,0,0,0,1,0,0,0,0,0,0,1,0,1,0,1
3.2,13429,63817.5,25,8,0,0,0,0,0,0,1,1,0,0,0,1,0,0,1
5.6,57748,8192.92,23,8,1,0,0,0,0,0,0,0,0,0,1,0,1,0,1
2.7,48807,42708.54,25,8,0,0,0,0,0,0,1,1,0,0,0,0,1,1,0
1.3,269284,60495.36,15,24,0,0,0,0,1,0,0,0,0,1,0,1,0,0,1
2.0,238161,75101.58,13,17,0,0,0,1,0,0,0,0,0,1,0,1,0,1,0
3.1,290669,35034.32,27,6,0,1,0,0,0,0,0,1,0,0,0,0,1,1,0
2.1,282635,50970.83,19,19,0,0,0,0,0,1,0,1,0,0,0,0,1,1,0
1.0,199888,82335.21,3,22,1,0,0,0,0,0,0,0,1,0,0,1,0,0,1
5.6,166052,95620.03,8,20,0,0,0,1,0,0,0,0,0,1,0,1,0,0,1
5.2,226597,26879.89,5,12,0,0,0,0,1,0,0,0,0,1,0,0,1,0,1
4.7,8078,29039.01,3,10,1,0,0,0,0,0,0,0,1,0,0,0,1,1,0
1.8,91654,94282.73,21,11,0,0,1,0,0,0,0,0,0,1,0,1,0,1,0
1.6,129101,42611.56,25,2,0,0,0,0,0,0,1,1,0,0,0,1,0,1,0
1.3,16997,73243.09,17,9,0,0,0,0,0,1,0,0,0,0,1,1,0,1,0
4.6,131940,63165.2,5,7,0,0,0,0,1,0,0,0,0,0,1,1,0,1,0
5.6,212650,32130.83,12,3,0,0,1,0,0,0,0,0,0,1,0,1,0,0,1
3.2,283390,67088.41,6,3,0,0,0,1,0,0,0,0,1,0,0,0,1,1,0
1.6,151633,67278.76,27,14,0,1,0,0,0,0,0,1,0,0,0,0,1,1,0
3.6,34512,61282.1,3,22,1,0,0,0,0,0,0,0,0,0,1,1,0,1,0
2.7,225226,14467.78,22,3,0,0,0,0,0,0,1,1,0,0,0,0,1,0,1
2.9,208467,99541.32,2,15,1,0,0,0,0,0,0,0,0,1,0,0,1,1,0
4.1,72144,43039.56,19,15,0,0,0,0,0,1,0,0,0,1,0,1,0,1,0
4.6,173557,65633.84,6,4,0,0,0,1,0,0,0,0,0,0,1,0,1,0,1
1.6,117363,89147.36,3,9,1,0,0,0,0,0,0,0,0,1,0,0,1,1,0
1.2,201484,45212.41,22,13,0,0,0,0,0,0,1,0,1,0,0,0,1,1,0
6.0,181675,78522.88,6,23,0,0,0,1,0,0,0,0,0,1,0,1,0,1,0
2.2,152110,97323.32,2,16,1,0,0,0,0,0,0,0,0,1,0,1,0,1,0
1.3,93542,39098.8,1,1,0,1,0,0,0,0,0,0,0,1,0,0,1,1,0
1.9,276469,43500.61,5,22,0,0,0,0,1,0,0,1,0,0,0,0,1,1,0
1.2,166964,91029.73,4,1,0,0,0,1,0,0,0,1,0,0,0,0,1,1,0
3.0,149068,20166.07,15,10,0,0,0,0,1,0,0,0,0,0,1,0,1,1,0
5.0,205355,7716.51,8,22,0,0,0,1,0,0,0,0,0,0,1,0,1,1,0
2.7,116737,91344.46,0,6,0,1,0,0,0,0,0,0,0,0,1,0,1,1,0
3.2,262968,83051.2,16,7,0,0,0,0,1,0,0,0,0,1,0,1,0,0,1
4.4,240417,97395.39,11,17,0,0,1,0,0,0,0,1,0,0,0,0,1,0,1
3.5,117718,10532.59,25,8,0,0,0,0,0,0,1,0,1,0,0,0,1,1,0
5.3,273661,19836.85,21,17,0,0,1,0,0,0,0,0,0,1,0,1,0,0,1
5.3,152755,15004.69,3,18,1,0,0,0,0,0,0,0,0,1,0,0,1,0,1
1.0,207791,69924.53,26,18,0,1,0,0,0,0,0,0,0,1,0,0,1,1,0
4.9,249120,62570.96,21,22,0,0,1,0,0,0,0,0,1,0,0,0,1,1,0
3.3,254322,39136.84,8,24,0,0,0,1,0,0,0,0,0,0,1,0,1,0,1
5.9,209485,10455.23,2,21,1,0,0,0,0,0,0,0,1,0,0,1,0,1,0
3.4,272126,65767.89,2,20,1,0,0,0,0,0,0,0,0,0,1,0,1,1,0
5.9,145711,59161.45,12,24,0,0,1,0,0,0,0,0,1,0,0,1,0,1,0
4.8,70210,15725.81,14,10,0,0,1,0,0,0,0,1,0,0,0,0,1,1,0
2.2,69852,91346.42,27,20,0,1,0,0,0,0,0,0,0,1,0,0,1,0,1
3.7,255139,23900.22,9,12,0,0,0,0,0,0,1,0,0,1,0,1,0,1,0
6.0,9695,75633.37,21,17,0,0,1,0,0,0,0,0,0,1,0,0,1,0,1
5.3,48582,89082.21,19,17,0,0,0,0,0,1,0,0,0,0,1,1,0,1,0
1.5,293238,60050.12,21,20,0,0,1,0,0,0,0,0,1,0,0,1,0,1,0
4.5,191707,28450.65,10,16,0,0,0,0,1,0,0,1,0,0,0,1,0,1,0
2.7,284331,34378.61,8,24,0,0,0,1,0,0,0,0,1,0,0,0,1,0,1
1.0,128721,89146.02,18,21,0,0,0,0,0,1,0,0,0,1,0,0,1,0,1
3.0,106683,33334.43,19,22,0,0,0,0,0,1,0,1,0,0,0,0,1,0,1
2.2,263358,75888.1,15,23,0,0,0,0,1,0,0,1,0,0,0,0,1,0,1
5.1,286084,99065.7,16,17,0,0,0,0,1,0,0,0,0,1,0,1,0,0,1
2.7,44406,99982.59,2,2,1,0,0,0,0,0,0,0,1,0,0,0,1,1,0
5.1,147049,55680.58,9,16,0,0,0,0,0,0,1,0,0,1,0,0,1,0,1
1.0,235994,83522.8,13,23,0,0,0,1,0,0,0,0,1,0,0,1,0,1,0
2.5,187313,99073.74,1,11,0,1,0,0,0,0,0,1,0,0,0,1,0,0,1
2.2,204573,40593.92,17,11,0,0,0,0,0,1,0,1,0,0,0,0,1,0,1
2.2,206205,28978.91,27,21,0,1,0,0,0,0,0,0,0,1,0,1,0,1,0
1.3,60481,15852.17,11,19,0,0,1,0,0,0,0,1,0,0,0,1,0,1,0
1.9,238084,18385.47,21,14,0,0,1,0,0,0,0,0,0,0,1,1,0,0,1
3.8,289884,86087.85,26,22,0,1,0,0,0,0,0,1,0,0,0,1,0,0,1
2.5,274025,60928.69,11,17,0,0,1,0,0,0,0,0,0,0,1,1,0,0,1
3.1,299140,88002.37,7,22,0,0,0,0,0,0,1,1,0,0,0,0,1,1,0
2.9,163249,79998.23,10,11,0,0,0,0,1,0,0,0,0,1,0,0,1,1,0
5.4,122196,69005.74,14,12,0,0,1,0,0,0,0,0,0,1,0,0,1,0,1
5.5,37177,62884.66,3,12,1,0,0,0,0,0,0,0,0,0,1,0,1,0,1
3.5,66126,9592.2,21,23,0,0,1,0,0,0,0,0,0,1,0,0,1,0,1
2.7,26119,87866.14,13,12,0,0,0,1,0,0,0,1,0,0,0,0,1,1,0
1.5,117744,44695.0,9,6,0,0,0,0,0,0,1,1,0,0,0,0,1,0,1
5.8,116894,58179.75,6,19,0,0,0,1,0,0,0,0,0,1,0,1,0,1,0
1.3,158987,7085.58,4,9,0,0,0,1,0,0,0,1,0,0,0,0,1,1,0
2.5,44989,93926.98,3,23,1,0,0,0,0,0,0,0,1,0,0,0,1,1,0
2.5,284250,90760.34,25,17,0,0,0,0,0,0,1,0,1,0,0,0,1,1,0
2.6,279275,56611.41,22,8,0,0,0,0,0,0,1,1,0,0,0,1,0,0,1
1.8,6553,59844.61,9,2,0,0,0,0,0,0,1,0,0,1,0,0,1,1,0
4.9,17881,71976.64,22,23,0,0,0,0,0,0,1,0,0,0,1,0,1,1,0
1.6,1379,30146.02,22,15,0,0,0,0,0,0,1,0,0,1,0,1,0,1,0
4.2,69306,26081.98,3,9,1,0,0,0,0,0,0,0,0,0,1,0,1,0,1
1.6,243825,69032.18,14,19,0,0,1,0,0,0,0,0,0,1,0,0,1,1,0
1.4,104512,14920.13,8,23,0,0,0,1,0,0,0,1,0,0,0,1,0,1,0
5.5,278494,48135.89,25,23,0,0,0,0,0,0,1,0,1,0,0,0,1,0,1
2.0,99599,51812.24,18,12,0,0,0,0,0,1,0,0,0,1,0,1,0,1,0
5.1,81397,41227.01,12,1,0,0,1,0,0,0,0,0,0,0,1,0,1,1,0
3.7,17769,22600.48,11,10,0,0,1,0,0,0,0,0,1,0,0,0,1,1,0
1.4,178321,38755.05,4,23,0,0,0,1,0,0,0,0,0,0,1,0,1,0,1
5.8,101584,37067.94,23,18,1,0,0,0,0,0,0,1,0,0,0,1,0,0,1
2.2,133858,52430.24,1,22,0,1,0,0,0,0,0,0,1,0,0,1,0,1,0
5.3,231609,69094.68,0,17,0,1,0,0,0,0,0,0,0,0,1,1,0,1,0
1.8,126525,96982.34,12,2,0,0,1,0,0,0,0,0,0,1,0,0,1,1,0
5.3,36303,18695.51,10,11,0,0,0,0,1,0,0,1,0,0,0,0,1,0,1
1.1,19589,87936.63,5,1,0,0,0,0,1,0,0,1,0,0,0,1,0,1,0
3.6,265026,31996.91,4,2,0,0,0,1,0,0,0,1,0,0,0,1,0,1,0
4.8,180394,61180.41,27,3,0,1,0,0,0,0,0,0,0,1,0,0,1,1,0
5.7,129236,56940.01,21,18,0,0,1,0,0,0,0,0,0,1,0,0,1,1,0
5.5,271889,57910.1,2,4,1,0,0,0,0,0,0,0,1,0,0,0,1,1,0
5.1,15861,73719.07,0,18,0,1,0,0,0,0,0,0,0,1,0,0,1,1,0
